"A1_*Loc","A2_*Loc","A1_Ag","A1_Ag_INAA","A1_Al","A1_Al2O3","A1_As","A1_As_INAA","A1_Au_INAA","A1_B","A1_Ba","A1_Ba_INAA","A1_Be","A1_Bi","A1_Br","A1_Br_INAA","A1_Ca","A1_Ca_INAA","A1_CaO","A1_Cd","A1_Ce_INAA","A1_Cl","A1_Co","A1_Co_INAA","A1_Cond","A1_Cr","A1_Cr_INAA","A1_Cs_INAA","A1_Cu","A1_Eu_INAA","A1_F","A1_F_ionselect","A1_Fe","A1_Fe_INAA","A1_Fe2O3","A1_Hf_INAA","A1_Hg","A1_Hg_INAA","A1_Ir_INAA","A1_K","A1_K2O","A1_La","A1_La_INAA","A1_Li","A1_LOI","A1_Lu_INAA","A1_Mass_INAA","A1_Mg","A1_MgO","A1_Mn","A1_MnO","A1_Mo","A1_Mo_INAA","A1_Na","A1_Na_INAA","A1_Na2O","A1_Nd_INAA","A1_Ni","A1_Ni_INAA","A1_NO2","A1_NO3","A1_P","A1_P2O5","A1_Pb","A1_pH","A1_PO4","A1_Rb","A1_S","A1_Sb","A1_Sb_INAA","A1_Sc","A1_Sc_INAA","A1_Se","A1_Se_INAA","A1_Si","A1_SiO2","A1_Sm_INAA","A1_Sn_INAA","A1_SO4","A1_Sr","A1_Sr_INAA","A1_Sum","A1_Ta_INAA","A1_Tb_INAA","A1_Te","A1_Th","A1_Th_INAA","A1_Ti","A1_TiO2","A1_U_INAA","A1_V","A1_W_INAA","A1_Y","A1_Yb_INAA","A1_Zn","A1_Zn_INAA","A2_Ag","A2_Ag_INAA","A2_Al","A2_Al2O3","A2_As","A2_As_INAA","A2_Au_INAA","A2_B","A2_Ba","A2_Ba_INAA","A2_Be","A2_Bi","A2_Br","A2_Br_INAA","A2_Ca","A2_Ca_INAA","A2_CaO","A2_Cd","A2_Ce_INAA","A2_Cl","A2_Co","A2_Co_INAA","A2_Cond","A2_Cr","A2_Cr_INAA","A2_Cs_INAA","A2_Cu","A2_Eu_INAA","A2_F","A2_F_ionselect","A2_Fe","A2_Fe_INAA","A2_Fe2O3","A2_Hf_INAA","A2_Hg","A2_Hg_INAA","A2_Ir_INAA","A2_K","A2_K2O","A2_La","A2_La_INAA","A2_Li","A2_LOI","A2_Lu_INAA","A2_Mass_INAA","A2_Mg","A2_MgO","A2_Mn","A2_MnO","A2_Mo","A2_Mo_INAA","A2_Na","A2_Na_INAA","A2_Na2O","A2_Nd_INAA","A2_Ni","A2_Ni_INAA","A2_NO2","A2_NO3","A2_P","A2_P2O5","A2_Pb","A2_pH","A2_PO4","A2_Rb","A2_S","A2_Sb","A2_Sb_INAA","A2_Sc","A2_Sc_INAA","A2_Se","A2_Se_INAA","A2_Si","A2_SiO2","A2_Sm_INAA","A2_Sn_INAA","A2_SO4","A2_Sr","A2_Sr_INAA","A2_Sum","A2_Ta_INAA","A2_Tb_INAA","A2_Te","A2_Th","A2_Th_INAA","A2_Ti","A2_TiO2","A2_U_INAA","A2_V","A2_W_INAA","A2_Y","A2_Yb_INAA","A2_Zn","A2_Zn_INAA"
14,5,0.02,2.5,9880,13.36,1.9,0.25,0.003,3,32.2,610,0.31,0.206,0.001,28,1250,5000,0.86,0.018,200,0.0028586,9.9,12,3.4,10,37,5,21.8,2,0.0005,0.000001,20900,50900,5.85,13,0.02,0.5,0.0025,2900,2.76,41.5,64,11.4,3.42,1.93,33.71,3250,0.83,149,0.11,0.9,0.5,50,12100,2.01,50,13.2,10,0.0005,0.0005,604,0.15,8.3,5.5,0.002,130,48,0.087,0.05,2,20,0.251,1.5,110,70.39,9.9,50,0.003418,4,250,100.47,1.2,1.9,0.016,25,22,815,0.72,4.9,14.5,0.5,18.5,13.2,50.8,91,0.023,2.5,9850,13.76,2.2,0.25,0.007,1.5,30.3,660,0.33,0.234,0.001,27,1120,5000,1.01,0.02,200,0.0028184,10.5,12,3,9.9,37,4,23.9,2,0.0005,0.000001,20900,53100,7.37,13,0.03,0.5,0.0025,2800,2.64,42,64,11.3,3.16,2.38,37.08,3280,0.86,146,0.17,1.1,0.5,40,11600,1.25,50,13.9,10,0.0005,0.0005,580,0.14,8.9,5.9,0.002,130,51,0.108,0.05,1.8,21,0.28,1.5,110,68.48,9.7,50,0.0036534,3.7,250,99.55,0.8,1.5,0.015,25,22,754,0.71,5.2,14.1,0.5,18.7,16.3,52.8,104
29,21,0.005,2.5,10300,14.79,0.3,0.25,0.001,3,93,730,0.25,0.009,0.001,2.6,3800,30000,4.67,0.024,51,0.001,8.2,15,2.6,39.9,110,0.5,13.7,1.4,0.0005,0.000001,14800,34600,5.51,4,0.01,0.5,0.0025,1600,1.18,27.5,32,4.5,1.52,0.22,46.97,5330,2.86,164,0.08,0.1,0.5,210,32400,4.45,21,21.3,10,0.0005,0.0005,840,0.18,1.6,5.9,0.002,36,18,0.005,0.05,2.5,15,0.036,1.5,130,64.78,4,50,0.0042836,18.7,1000,100.62,0.25,0.8,0.004,10,4.8,1060,0.61,0.25,42,0.5,4,1.5,20.9,70,0.005,2.5,10600,14.63,0.3,0.25,0.001,3,93.2,740,0.26,0.015,0.001,2.9,3950,30000,4.45,0.025,63,0.001,8.7,17,1.9,40.9,120,0.5,14,1.5,0.0005,0.000001,15700,40500,5.25,5,0.01,0.5,0.0025,1700,1.18,26.7,37,4.5,1.52,0.27,37.15,5410,2.69,170,0.08,0.1,0.5,220,36600,4.03,25,21.8,10,0.0005,0.0005,860,0.17,1.5,5.8,0.002,35,18,0.005,0.05,2.6,17,0.023,1.5,120,65.15,4.8,50,0.0027354,19.3,700,99.73,1.5,1.5,0.0015,8,5.4,1070,0.59,0.25,46.3,0.5,4,1.8,21.2,25
44,40,0.01,2.5,14200,13.72,0.4,0.25,0.006,1.5,48.8,420,0.26,0.018,0.001,12,1240,20000,2.68,0.023,47,0.001,8.5,17,3.4,43.5,160,0.5,18.1,1,0.0005,0.000001,16900,51900,7.5,6,0.01,0.5,0.0025,800,1.63,10.5,25,7.6,2.74,0.49,50.83,3800,3.18,98,0.09,0.1,0.5,180,16300,2.13,15,25.4,10,0.0005,0.0005,229,0.06,4,5.4,0.002,40,43,0.005,0.05,2.9,22,0.063,1.5,220,65.59,3.6,50,0.0040534,5.9,250,100.09,1,0.25,0.014,7,5.8,692,0.77,1.4,48.1,0.5,3.4,3.3,23.5,101,0.011,2.5,14500,13.94,0.3,0.25,0.001,3,48.5,610,0.26,0.018,0.001,15,1150,30000,2.74,0.021,60,0.0024224,8.9,19,3.3,48.6,180,0.5,18.2,1.1,0.0005,0.000001,17600,58800,7.7,6,0.01,0.5,0.0025,800,1.61,9.7,30,8,2.59,0.55,35.37,3920,3.26,101,0.09,0.1,0.5,170,18000,2.14,20,26,10,0.0005,0.0005,233,0.07,2,5.9,0.002,47,44,0.014,0.05,2.9,25,0.072,1.5,220,64.85,4.7,50,0.0043266,5.9,250,99.79,0.25,0.9,0.01,5,7.9,716,0.8,0.25,49,0.5,3.4,3.7,23.8,25
59,52,0.001,2.5,3040,12.08,0.2,0.25,0.001,1.5,9,610,0.11,0.012,0.001,2.4,1410,20000,2.36,0.01,20,0.001,1.8,6,2.2,6.6,31,0.5,1.9,0.6,0.0005,0.000001,4830,18000,2.08,4,0.02,0.5,0.0025,300,2.34,6.8,10,3.9,0.97,0.15,47.79,720,0.82,55.8,0.04,0.1,0.5,100,30900,3.61,6,2.8,10,0.0005,0.0005,322,0.06,1.5,5.8,0.002,66,16,0.005,0.05,0.8,8.3,0.015,1.5,140,74.67,1.5,50,0.002,4.5,250,99.26,0.25,0.25,0.0015,4,3.5,333,0.25,1.2,11.6,0.5,2.3,1,5.5,25,0.002,2.5,3290,12.21,0.2,0.25,0.001,1.5,10.5,660,0.11,0.014,0.001,3.4,1630,20000,2.68,0.01,21,0.001,2,7,2.2,6.9,37,0.5,2,0.7,0.0005,0.000001,4790,20900,2.63,5,0.01,0.5,0.0025,300,2.24,6.4,11,4.4,0.99,0.2,36.54,830,1.03,62.6,0.05,0.1,0.5,110,32000,3.58,12,3,10,0.0005,0.0005,327,0.07,1.5,5.6,0.002,74,16,0.005,0.05,0.9,9.8,0.005,1.5,150,74.19,1.8,50,0.0020844,5.3,250,99.96,0.8,0.25,0.0015,4,3.8,380,0.3,1.9,12,0.5,2.4,1.3,6.2,25
74,64,0.007,2.5,5320,13.56,0.1,0.25,0.001,1.5,23.6,570,0.12,0.02,0.001,8.8,2730,40000,3.87,0.025,46,0.001,3.1,10,2.9,11.9,72,0.5,6.5,1.2,0.0005,0.000001,7380,36300,5.14,7,0.01,0.5,0.0025,600,1.41,11.3,21,3.6,0.85,0.42,42.53,2080,2,91.9,0.08,0.1,0.5,210,25800,3.14,18,5.1,10,0.0005,0.0005,544,0.13,1.2,5.5,0.002,35,16,0.005,0.05,1.8,17,0.029,1.5,130,68.66,3.7,50,0.0027508,7.7,250,99.45,0.25,0.25,0.0015,3,3.9,518,0.62,0.25,16.5,0.5,5,2.5,13.2,25,0.007,2.5,5010,13.58,0.2,0.25,0.001,1.5,21.1,490,0.12,0.019,0.001,8.6,2660,30000,3.99,0.027,48,0.001,2.8,12,2.8,11.2,81,0.5,6.2,1.4,0.0005,0.000001,6830,42300,5.42,8,0.02,0.5,0.0025,600,1.41,10.7,26,3.3,0.93,0.56,33.17,1870,2.1,81.7,0.08,0.1,0.5,200,29400,3.06,23,5,10,0.0005,0.0005,557,0.13,1.2,5.5,0.002,61,18,0.005,0.2,1.7,21,0.026,1.5,120,68.13,4.5,50,0.0032274,7.4,250,99.5,0.25,0.25,0.0015,4,4.6,494,0.66,1,15.6,0.5,4.9,3.7,12,82
89,85,0.006,2.5,6210,12.47,0.4,0.9,0.005,1.5,27.8,390,0.18,0.016,0.001,0.25,1410,20000,2.37,0.017,29,0.001,5,10,2.8,41.4,110,0.5,10.6,0.6,0.0005,0.000001,13900,28200,5.18,4,0.01,0.5,0.0025,1000,1.4,11.1,17,4.4,1.13,0.23,45.95,2950,1.92,86.6,0.08,0.1,0.5,110,25700,2.73,11,11.7,10,0.0005,0.0005,244,0.07,1,5.6,0.002,56,10,0.016,0.05,2,12,0.016,1.5,130,70.34,2.2,50,0.0022864,4.2,250,98.11,0.25,0.25,0.006,7,5,905,0.42,1.5,35.1,0.5,3.7,1.5,8.9,25,0.007,2.5,6460,11.15,0.5,0.25,0.005,1.5,27.7,380,0.18,0.015,0.001,0.25,1530,30000,2.62,0.017,40,0.001,5.6,12,3,44,140,0.5,10,1,0.0005,0.000001,15400,35700,4.15,6,0.01,0.5,0.0025,1100,1.73,13.7,20,4.1,1.12,0.34,30.76,3160,1.88,89,0.05,0.1,0.5,130,30000,3.22,19,12.5,10,0.0005,0.0005,259,0.06,1,5.9,0.002,33,13,0.013,0.4,2.1,14,0.019,1.5,220,73.21,3.1,50,0.0027044,4.3,250,99.76,1.6,0.25,0.0015,9,6.8,910,0.57,0.25,37.4,0.5,4.1,1.7,8.5,25
104,100,0.007,2.5,6000,14.27,0.3,0.25,0.001,1.5,25,420,0.12,0.008,0.001,8.4,1670,30000,3.55,0.014,39,0.0033112,6.5,11,2.7,33.3,120,0.5,11.8,0.9,0.0005,0.000001,11800,26600,4.15,4,0.01,0.5,0.0025,900,1.37,9.5,22,5,1.21,0.19,39.28,2780,1.94,101,0.06,0.1,0.5,140,29500,3.78,18,24.1,10,0.0005,0.0005,463,0.1,0.8,5.7,0.002,31,30,0.012,0.05,1.5,11,0.045,1.5,140,68.9,2.9,50,0.0033742,7.1,250,99.72,0.8,0.25,0.005,5,4.7,562,0.38,1.2,30.9,0.5,2.8,1.1,12.4,25,0.005,2.5,5690,14.24,0.3,0.25,0.001,1.5,25.7,510,0.12,0.014,0.001,8.7,1550,30000,3.51,0.015,31,0.001,5.8,12,2.8,29.2,110,0.5,11,0.9,0.0005,0.000001,11100,27000,3.91,4,0.01,0.5,0.0025,900,1.39,11.4,19,4.6,1.38,0.25,30.7,2240,1.84,93.5,0.06,0.1,0.5,130,31000,3.81,12,20.7,10,0.0005,0.0005,442,0.1,0.8,5.5,0.002,47,25,0.012,0.05,1.5,11,0.048,1.5,130,69.12,2.7,50,0.0031626,6.4,250,99.73,0.25,0.25,0.01,5,3.4,523,0.36,0.25,29.9,0.5,2.8,1.2,12.6,25
119,117,0.004,2.5,3540,12.74,0.1,0.25,0.001,1.5,15,580,0.11,0.03,0.001,3.3,2160,30000,3.1,0.012,22,0.001,2.9,9,2.7,10.9,75,0.5,6.9,0.8,0.0005,0.000001,6490,22900,2.98,5,0.01,0.5,0.0025,600,1.85,10.1,12,4.7,0.75,0.22,38.76,1630,1.41,68,0.05,0.1,0.5,160,35000,3.93,10,6.2,10,0.0005,0.0005,397,0.08,1.6,5.5,0.002,61,12,0.005,0.05,1.2,10,0.012,1.5,120,72.73,2.1,50,0.002065,6.2,600,99.99,0.9,0.25,0.0015,5,3.3,512,0.38,1.4,14.7,0.5,3,1.3,7.3,25,0.004,2.5,3020,12.55,0.2,0.25,0.001,1.5,12.2,570,0.1,0.028,0.001,3,1810,30000,3.16,0.011,23,0.0029738,2.5,9,2.5,10.6,69,0.5,6.4,0.8,0.0005,0.000001,5740,22600,3.02,5,0.01,0.5,0.0025,500,1.81,6.9,12,3.7,0.74,0.23,36.18,1280,1.45,55.3,0.05,0.1,0.5,120,34100,3.88,7,5.2,10,0.0005,0.0005,404,0.08,1,5.6,0.002,50,12,0.005,0.05,0.9,9.9,0.014,1.5,110,71.73,2.1,50,0.0023422,4.7,500,98.85,0.9,0.25,0.0015,3,3.3,416,0.39,1.2,13,0.5,2.5,1.2,5.7,73
134,124,0.005,2.5,10400,12.54,4.3,3.9,0.001,1.5,16.7,580,0.25,0.035,0.001,0.25,1880,20000,2.8,0.037,32,0.001,10.9,16,3.1,56.9,130,1,22.2,0.8,0.0005,0.000001,19100,35300,4.55,5,0.01,0.5,0.0025,400,1.9,9.5,16,6.6,1.87,0.27,33.32,5030,2.04,216,0.07,0.1,0.5,100,27600,3.28,16,26.2,10,0.0005,0.0005,237,0.06,2.2,5.7,0.002,61,17,0.05,0.05,3.4,16,0.078,1.5,140,71.06,2.6,50,0.0028204,7.4,250,100.84,0.25,0.6,0.007,6,4,1320,0.68,1.4,47.4,0.5,3.8,1.7,20.7,25,0.005,2.5,10700,12.59,4,5.2,0.001,1.5,16.6,480,0.25,0.041,0.001,2.4,2070,20000,2.78,0.04,35,0.001,10.7,17,3.2,57.7,140,0.5,21.8,0.8,0.0005,0.000001,18800,35900,4.59,5,0.02,0.5,0.0025,400,1.9,9.7,17,6.8,1.94,0.28,33.56,5190,2.04,226,0.07,0.1,0.5,110,28500,3.28,13,26,10,0.0005,0.0005,236,0.06,2.3,5.5,0.002,66,17,0.054,0.4,3.5,17,0.07,1.5,130,70.41,2.5,50,0.002692,8.2,250,100.34,0.25,0.25,0.004,6,5.1,1390,0.68,2.7,46.4,0.5,3.9,1.5,20.9,88
149,141,0.022,2.5,7700,14.6,0.3,3.4,0.001,1.5,42.5,640,0.18,0.069,0.001,7.8,2700,40000,3.64,0.025,57,0.001,6,14,2.5,29.3,100,0.5,17.4,1.1,0.0005,0.000001,13600,42600,5.33,8,0.01,0.5,0.0025,1800,1.78,13.4,29,10.6,1.2,0.49,34.87,3680,2.07,124,0.08,0.1,0.5,240,29200,3.19,29,16.4,60,0.0005,0.0005,451,0.12,1.8,5.4,0.002,35,27,0.005,0.4,3.3,19,0.027,1.5,120,69.34,4.5,50,0.0046076,5.7,250,102,1.6,0.25,0.006,5,6.2,1000,0.65,0.25,36.8,0.5,4.7,2.4,22.5,55,0.023,2.5,8040,14.18,0.4,0.25,0.001,1.5,42,600,0.2,0.063,0.001,6.3,2920,30000,3.6,0.026,50,0.001,6,13,2.5,30.3,93,2,17.6,1.3,0.0005,0.000001,14300,38200,5.39,7,0.01,0.5,0.0025,1700,1.71,15.8,28,10.3,1.12,0.39,34.02,3850,2.09,132,0.08,0.1,2,260,26700,3.22,22,16.8,10,0.0005,0.0005,481,0.12,2.1,5.7,0.002,63,26,0.005,0.05,3.4,18,0.05,1.5,120,67.32,4.3,50,0.001,6.3,250,99.49,0.9,0.25,0.005,8,8.1,1030,0.65,0.25,38.4,0.5,5.6,2.5,22.2,85
164,153,0.009,2.5,21100,13.57,1.1,0.25,0.001,1.5,149,640,0.46,0.026,0.001,4.6,1750,20000,3.04,0.028,65,0.0022312,10.1,18,3.3,46.3,130,1,16.9,1.5,0.0005,0.000001,23900,51300,6.62,7,0.02,0.5,0.0025,1300,1.69,17.9,37,7,3.35,0.42,35.19,4890,2.62,143,0.08,0.1,0.5,160,20300,2.14,32,22,10,0.0005,0.0005,518,0.12,1.9,6.5,0.002,44,59,0.018,0.3,5.4,22,0.058,1.5,170,64.6,5.3,50,0.007466,12.6,250,98.63,0.9,0.6,0.017,6,5.5,1240,0.81,0.25,68.2,0.5,8.4,3,28.7,116,0.008,2.5,20800,14.05,0.9,0.25,0.001,1.5,142,800,0.45,0.026,0.001,0.25,1770,20000,3.12,0.028,64,0.001,10,19,3.4,45.9,140,0.5,16.6,1.6,0.0005,0.000001,24400,52300,6.82,7,0.02,0.5,0.0025,1300,1.69,17.1,38,7,3.23,0.46,36.29,4790,2.66,155,0.08,0.1,0.5,170,20700,2.25,33,21.5,10,0.0005,0.0005,461,0.12,3,5.9,0.002,60,60,0.027,0.05,5.3,22,0.071,1.5,200,64.85,5.4,50,0.0076744,13.1,250,99.72,0.25,0.7,0.014,6,6.2,1340,0.84,0.25,71.1,0.5,8,2.5,28.4,80
179,168,0.017,2.5,13700,12.18,1.3,2.3,0.004,1.5,49.8,380,0.45,0.046,0.001,13,2720,20000,2.64,0.033,55,0.001,10,17,4.1,42.1,140,1,22.4,1.2,0.0005,0.000001,19800,40500,5.64,9,0.02,0.5,0.0025,800,1.77,12,27,7.5,2.83,0.56,40.95,4770,2.58,201,0.08,0.1,0.5,360,15600,1.9,20,24,10,0.0005,0.0005,326,0.08,5.3,5.7,0.002,56,44,0.031,0.05,4.2,19,0.103,1.5,260,69.17,4.4,50,0.0066652,9.1,250,99.54,0.7,0.25,0.016,6,6.2,674,0.68,1.9,40.1,0.5,7.3,3.7,20.5,25,0.002,2.5,12900,11.96,0.5,0.25,0.001,1.5,48,390,0.4,0.039,0.001,12,2250,20000,2.61,0.027,55,0.0029676,9.8,17,4,41.4,140,1,22.9,1.3,0.0005,0.000001,18200,41700,5.69,10,0.02,0.5,0.0025,700,1.76,10.8,28,7.5,3.18,0.53,35.74,4480,2.57,195,0.08,0.1,0.5,300,16200,1.84,23,23.8,10,0.0005,0.0005,308,0.08,1.5,5.7,0.002,61,43,0.027,0.05,3.7,19,0.091,1.5,270,69.09,4.6,50,0.0045556,7.4,250,99.54,0.25,0.25,0.018,6,6.8,588,0.68,2.1,37.8,0.5,6.5,3.6,19.7,81
194,187,0.009,2.5,12900,15.2,0.8,0.25,0.001,1.5,64.9,460,0.24,0.074,0.001,3.3,3430,40000,5.02,0.04,30,0.0044178,11.6,21,4.6,22.3,81,0.5,32.8,0.9,0.0005,0.000001,18900,46400,6.59,4,0.01,0.5,0.0025,1200,0.93,14,17,6.7,1.94,0.23,44.18,4750,2.64,241,0.1,0.1,0.5,250,32700,3.91,11,16,10,0.0005,0.0005,410,0.1,1.1,5.8,0.002,31,27,0.005,0.05,3.5,21,0.073,1.5,160,62.77,2.5,50,0.0033266,10.7,250,99.96,0.25,0.25,0.01,5,3,1260,0.77,1.9,41.4,0.5,4.3,1.5,30.6,87,0.01,2.5,12200,15.3,0.9,0.25,0.981,1.5,63.2,380,0.22,0.107,0.001,0.25,2950,30000,5.07,0.04,29,0.0053278,11.4,20,3.8,22,76,0.5,31.6,0.9,0.0005,0.000001,17900,45500,6.67,4,0.01,0.5,0.0025,1100,0.94,13.2,17,6.5,1.98,0.22,36.84,4560,2.73,234,0.1,0.1,0.5,210,32900,3.82,14,15.8,50,0.0005,0.0005,386,0.1,1.1,6,0.002,26,25,0.014,0.05,3.2,20,0.077,1.5,170,62.53,2.5,50,0.0038918,9.9,700,100.02,0.7,0.25,0.013,5,2.5,1160,0.78,2.1,40.5,0.5,3.8,1.6,29,65
209,201,0.04,2.5,8860,13.71,1.5,0.25,0.001,1.5,52.8,730,0.28,0.056,0.001,5,1630,30000,1.95,0.021,57,0.001,6.2,8,2.4,30.8,60,0.5,20.8,1.2,0.0005,0.000001,13200,24500,2.96,6,0.01,0.5,0.0025,2200,2.31,21,33,11.3,1,0.21,38.05,4050,0.94,103,0.04,0.1,0.5,180,27800,3.42,27,17.2,10,0.0005,0.0005,386,0.09,1.8,5.5,0.002,85,31,0.005,0.05,3,8.5,0.085,1.5,170,72.64,3.6,50,0.0037492,5.2,250,99.39,0.25,0.25,0.011,12,9.8,829,0.33,0.25,33.4,0.5,4.6,1.1,22.5,89,0.036,2.5,7520,13.76,1.3,0.25,0.002,1.5,39.6,610,0.25,0.065,0.001,4.6,1610,20000,1.94,0.016,58,0.001,5.1,6,5.1,25,48,0.5,17.6,1,0.0005,0.000001,11600,20600,2.88,6,0.02,0.5,0.0025,1700,2.36,21.2,32,10.1,1.05,0.25,35.21,3400,0.96,92.6,0.04,0.3,0.5,160,29300,3.42,22,14.4,10,0.0005,0.0005,364,0.09,1.7,5.8,0.002,91,24,0.005,0.05,2.6,9.4,0.1,1.5,140,72.54,3.9,50,0.0049446,5.5,250,99.36,0.25,0.25,0.014,11,9.7,715,0.33,0.25,27.8,0.5,4.5,1.5,18.4,25
224,222,0.029,2.5,17100,9.99,11.8,13,0.001,1.5,48.1,430,0.38,0.047,0.001,0.25,1510,20000,0.71,0.047,31,0.0021202,21.8,28,3.2,74.3,150,0.5,52.9,1,0.0005,0.000001,28500,52200,4.58,4,0.04,0.5,0.0025,400,2.29,10.1,14,8.6,3.07,0.27,42.7,7780,2.12,387,0.04,0.5,0.5,110,21700,1.35,14,41.9,110,0.0005,0.0005,284,0.06,2.9,5.9,0.002,49,31,0.097,0.5,5.2,18,0.097,1.5,130,74.54,2.4,50,0.0047824,5.2,250,99.35,0.25,0.25,0.017,7,3.5,1380,0.61,1.9,73.4,0.5,4.5,1.6,29.2,111,0.021,2.5,16300,13,10.6,14,0.006,1.5,44.3,460,0.34,0.049,0.001,0.25,1630,30000,3.59,0.047,36,0.0034768,18.8,30,2.9,80.1,170,0.5,48.4,1.1,0.0005,0.000001,26200,59100,7.64,4,0.04,0.5,0.0025,400,1.36,9.7,15,8,3.28,0.29,31.3,7690,3.47,343,0.11,0.1,0.5,110,23700,2.85,18,42.2,10,0.0005,0.0005,269,0.08,1,5.7,0.002,60,28,0.088,0.05,4.7,20,0.093,1.5,120,62.28,2.8,50,0.00335,5.2,250,98.68,0.25,0.7,0.022,7,4.3,1410,1.03,0.25,68.3,0.5,4.4,1.9,28.4,25
239,235,0.009,2.5,6340,13.41,0.4,0.25,0.001,1.5,32.7,580,0.16,0.015,0.001,3.2,1460,20000,3.57,0.02,45,0.001,4.1,10,2.6,15.1,72,0.5,14.8,1.3,0.0005,0.000001,11200,41300,8,5,0.01,0.5,0.0025,500,1.39,10.6,24,4.6,1.39,0.52,42.03,2370,3.56,91,0.12,0.1,0.5,130,18700,2.94,21,10.2,10,0.0005,0.0005,341,0.08,1.9,5.9,0.002,34,31,0.005,0.05,2,17,0.057,1.5,210,64.38,3.4,50,0.001,6.2,250,99.89,0.25,0.8,0.018,6,4.8,392,1.05,0.25,24.8,0.5,4.3,3.6,18.5,89,0.008,2.5,5690,12.99,0.3,0.25,0.001,1.5,29.6,550,0.14,0.011,0.001,4.5,1290,20000,2.46,0.019,45,0.0027806,3.9,10,6.8,12,72,0.5,13.9,1.4,0.0005,0.000001,10500,42100,5.79,6,0.01,0.5,0.0025,500,1.35,8.4,25,4.2,1.3,0.56,34.37,2090,2.09,83.1,0.09,0.1,0.5,120,19400,2.39,17,9.5,10,0.0005,0.0005,311,0.08,2.1,5.9,0.002,16,31,0.005,0.05,1.7,17,0.067,1.5,190,71.62,3.4,50,0.001,5.4,250,100.62,0.25,0.8,0.023,5,5,352,0.47,0.25,22.8,0.5,3.6,3.8,17.7,114
254,249,0.026,2.5,23000,12.93,9.9,15,0.001,1.5,40.6,570,0.5,0.052,0.001,2.8,960,10000,1.86,0.067,33,0.0034762,15,17,4.7,63.5,120,1,48.7,0.7,0.0005,0.000001,41800,49100,7,4,0.07,0.5,0.0025,600,1.94,10,15,11.9,4.17,0.24,42.03,6440,1.87,424,0.09,1,2,80,20200,2.59,10,39.9,10,0.0005,0.0005,356,0.08,1.2,5.6,0.002,64,65,0.313,0.9,5.5,14,0.271,1.5,140,66.05,1.9,50,0.0120554,7.3,250,99.38,0.25,0.25,0.031,10,5.2,1460,0.79,2.8,77.2,0.5,3.8,1.4,54.8,102,0.025,2.5,25600,12.96,12.6,16,0.001,3,49.3,620,0.55,0.06,0.001,0.25,1070,10000,1.93,0.073,33,0.0029314,16.3,19,4.4,71.8,130,1,54.6,0.9,0.0005,0.000001,51900,51800,6.66,4,0.04,0.5,0.0025,600,1.89,9.4,15,13.2,4.12,0.26,29.75,7860,1.83,503,0.08,1.2,0.5,80,20600,2.67,13,44.2,10,0.0005,0.0005,362,0.08,1.1,6,0.002,90,59,0.472,1.1,6.5,14,0.298,1.5,130,66.71,2.3,50,0.011898,7.2,250,99.72,0.25,0.25,0.041,11,4.9,1500,0.79,0.25,88.8,0.5,3.9,1.5,63,93
269,262,0.012,2.5,13800,13.86,3.3,3.2,0.004,1.5,68,480,0.21,0.118,0.001,3.3,810,20000,2.6,0.03,28,0.001,8.4,16,3.5,63.1,200,2,15.9,0.8,0.0005,0.000001,14100,33500,4.73,5,0.01,0.5,0.0025,2100,1.17,8.9,15,14.9,2.43,0.24,33.76,5520,2.28,107,0.07,0.1,6,110,21800,2.92,15,35.2,10,0.0005,0.0005,196,0.05,2.2,5.6,0.002,33,39,0.005,0.2,4.2,11,0.046,1.5,200,70.56,2.2,50,0.0079168,4.6,250,101.28,0.25,0.25,0.008,5,4.3,763,0.61,0.25,36.9,11,2.3,1.2,19.9,112,0.012,2.5,15000,13.33,3.2,0.25,0.001,1.5,69.6,360,0.23,0.132,0.001,3.7,840,30000,2.52,0.025,28,0.001,9,17,3.2,66.3,230,2,17.5,0.8,0.0005,0.000001,15100,35300,4.48,5,0.01,0.5,0.0025,2100,1.15,10.4,15,15.3,2.32,0.26,30.63,5800,2.16,111,0.07,0.1,0.5,110,24000,2.77,12,37.7,90,0.0005,0.0005,203,0.05,1.2,5.8,0.002,41,42,0.005,0.2,4.4,13,0.052,1.5,220,70.64,2.2,50,0.0075666,4.7,250,100.07,0.25,0.25,0.017,5,3.6,807,0.58,0.25,39.2,10,2.5,1.8,21.3,118
284,277,0.009,2.5,6230,12.41,0.3,0.25,0.001,3,35.7,450,0.15,0.022,0.001,1.9,2140,30000,3.83,0.028,27,0.001,8.9,19,1.5,78.9,250,0.5,20.1,0.7,0.0005,0.000001,12900,39900,5.19,3,0.01,0.5,0.0025,1100,1.58,8.1,13,4.2,1.22,0.19,40.71,5240,3.52,114,0.07,0.1,0.5,150,27400,3.45,11,40.7,10,0.0005,0.0005,305,0.07,1.2,5.8,0.002,41,13,0.005,0.05,1.9,13,0.024,1.5,110,68.06,2.1,50,0.001,10.3,250,99.86,0.25,0.25,0.012,4,3.1,638,0.45,0.25,29.4,0.5,2.2,1.2,12.9,84,0.009,2.5,6090,12.07,0.4,0.25,0.007,1.5,44.7,630,0.14,0.015,0.001,0.25,1730,30000,3.17,0.028,28,0.001,8.9,21,1.8,83.8,270,0.5,20.3,0.8,0.0005,0.000001,13000,41500,3.79,3,0.01,0.5,0.0025,1200,1.67,8.2,15,4.5,1.07,0.17,37.29,5310,2.63,122,0.05,0.1,0.5,120,28700,3.55,15,40,10,0.0005,0.0005,307,0.06,1.3,6.2,0.002,39,10,0.005,0.05,1.7,14,0.057,1.5,110,70,2.4,50,0.001,8.1,250,98.38,0.25,0.25,0.022,4,3.7,601,0.32,1.2,28.8,0.5,2.1,1.5,13,25
299,293,0.013,2.5,17900,16,2,4.6,0.001,1.5,161,730,0.41,0.038,0.001,0.25,3800,40000,5.01,0.082,99,0.001,13.5,28,2.9,30.7,100,0.5,57.3,1.9,0.0005,0.000001,26000,68200,8.24,6,0.01,0.5,0.0025,2000,1.08,43.1,62,8.2,2.87,0.46,31.15,5840,3.03,251,0.11,0.3,4,240,30500,3.48,42,26.5,10,0.0005,0.0005,706,0.17,4.9,5.9,0.002,48,36,0.028,0.05,5.4,22,0.091,1.5,160,58.68,5.9,50,0.0023752,22.2,800,99.65,0.25,0.25,0.02,11,11,1450,0.98,3.3,61.3,0.5,6.6,2.8,41.8,153,0.014,2.5,19300,12.8,2.4,3.2,0.001,1.5,163,730,0.45,0.039,0.001,0.25,4330,50000,1.84,0.083,96,0.001,15.4,27,2.9,32.7,100,0.5,59.8,1.8,0.0005,0.000001,27700,64200,2.6,5,0.02,0.5,0.0025,2100,2.9,42.6,56,8.6,1.42,0.46,31.65,6250,0.84,276,0.03,0.4,0.5,280,30000,3.31,42,28.6,10,0.0005,0.0005,831,0.09,5,5.8,0.002,47,41,0.019,0.3,5.6,21,0.085,1.5,140,73.43,5.7,50,0.002725,24.3,500,99.66,1.2,0.25,0.019,12,7.3,1540,0.39,0.25,67.7,0.5,6.9,2.6,44.5,142
314,307,0.013,2.5,10500,10.76,1.7,2.1,0.001,3,30.9,570,0.34,0.078,0.001,11,1460,10000,1.26,0.022,47,0.0028576,6.7,9,5.7,17.5,52,1,12.9,1,0.0005,0.000001,20800,30500,3.72,7,0.19,0.5,0.0025,1400,2.44,12.7,22,11.4,4.2,0.33,34.01,3180,1,257,0.05,0.1,5,80,17400,2.06,19,12,10,0.0005,0.0005,389,0.07,9.7,5.9,0.002,79,88,0.067,0.3,1.7,7.9,0.085,1.5,250,72.92,3.1,50,0.0021118,11.7,250,98.98,0.8,0.25,0.013,7,6.8,698,0.51,1.5,19.9,0.5,5,2.2,29,25,0.022,2.5,9640,10.83,1.7,0.25,0.001,1.5,28.2,580,0.32,0.067,0.001,8.7,1340,5000,1.4,0.022,42,0.0028764,6.1,9,6.2,16.7,47,1,13.9,0.9,0.0005,0.000001,18200,28200,4.01,7,0.02,0.5,0.0025,1300,2.3,11.8,21,10.5,5.1,0.31,31.83,2910,1.07,229,0.05,0.1,0.5,70,16400,2.05,21,11,10,0.0005,0.0005,358,0.08,10,5.6,0.002,82,95,0.073,0.2,1.5,7.4,0.029,1.5,230,71.74,3,50,0.002399,10.3,250,99.15,0.25,0.25,0.0015,6,6.6,672,0.53,1.4,19,0.5,4.5,2.2,25.9,60
329,322,0.011,2.5,8900,13.76,0.5,0.25,0.001,1.5,46.5,450,0.25,0.03,0.001,2.7,2040,30000,3.22,0.037,35,0.001,7.5,13,3.6,20,90,0.5,32.6,0.8,0.0005,0.000001,10900,28300,3.44,4,0.01,0.5,0.0025,1200,1.81,47.8,19,10.9,1.5,0.17,37.29,3230,1.41,141,0.06,0.1,0.5,140,25700,3.58,14,20.3,10,0.0005,0.0005,263,0.06,3.9,5.7,0.002,48,42,0.005,0.05,2.1,8.8,0.023,1.5,220,70.64,2.1,50,0.0084772,11.9,250,99.82,0.25,0.25,0.012,18,4.7,715,0.33,1,19.8,0.5,5.2,1.2,20.8,84,0.009,2.5,11100,13.63,0.7,0.25,0.001,1.5,53.5,500,0.29,0.029,0.001,0.25,2230,30000,3.32,0.033,38,0.001,8,13,3.2,27.7,100,1,38.2,0.9,0.0005,0.000001,12800,29500,3.71,4,0.01,0.5,0.0025,1200,1.73,18.5,20,11.5,1.52,0.2,31.41,4010,1.5,168,0.06,0.1,0.5,190,28800,3.64,16,26.3,89,0.0005,0.0005,310,0.06,1.9,5.9,0.002,77,34,0.005,0.05,2,9.5,0.039,1.5,300,70.12,2.5,50,0.0093574,9.4,250,99.62,0.25,0.25,0.01,7,5.6,787,0.34,0.25,25,0.5,3.4,1.2,23.3,75
344,331,0.01,2.5,6360,13.24,0.7,0.25,0.004,1.5,26,380,0.13,0.03,0.001,2.9,1640,20000,3.21,0.014,12,0.001,3.3,8,3.3,16.6,66,0.5,8.2,0.4,0.0005,0.000001,7110,19200,2.81,2,0.01,0.5,0.0025,800,1.33,5.4,5,8.4,1.36,0.14,36.25,2330,1.29,66,0.04,0.1,6,110,25700,3.62,2.5,11.4,10,0.0005,0.0011382,268,0.05,1.4,5.8,0.002,35,23,0.024,0.05,1.3,6.8,0.027,1.5,110,72.71,0.9,50,0.00327,5.9,250,99.94,0.25,0.25,0.009,1.5,1.6,469,0.27,0.25,15,0.5,1.7,0.8,14.7,64,0.01,2.5,5770,13.1,0.7,2,0.001,1.5,25.3,370,0.11,0.03,0.001,3.3,1320,30000,3.33,0.013,14,0.001,3.1,10,3.6,15.3,79,1,7.7,0.5,0.0005,0.000001,6590,23700,3.03,3,0.01,0.5,0.0025,800,1.3,3.6,6.1,7.9,1.46,0.17,28.73,2120,1.33,58.6,0.05,0.1,0.5,90,30100,3.59,2.5,10.6,70,0.0005,0.0005,235,0.06,1.3,5.8,0.002,34,21,0.013,0.05,1.1,8.3,0.018,1.5,120,71.12,1.1,50,0.004196,4.7,500,98.65,1.2,0.25,0.009,1.5,1.9,421,0.27,1.2,13.4,0.5,1.3,1,13.9,25
359,346,0.037,2.5,23800,16.59,0.6,0.25,0.009,1.5,86.8,660,0.33,0.019,0.001,0.25,820,20000,1.79,0.044,69,0.0027744,18.1,28,4.7,44.1,190,0.5,58,1.9,0.0005,0.000001,24000,75100,10.9,6,0.03,0.5,0.0025,600,1.26,19.2,41,6,3.65,0.82,38.2,4270,4.41,130,0.11,0.3,10,140,9100,1.05,26,77.5,10,0.0005,0.0005,301,0.08,3.6,6.3,0.002,36,68,0.014,0.05,4.7,26,0.197,1.5,220,59.78,5.1,50,0.0113284,23.8,250,100.53,0.6,1,0.042,7,4.9,406,0.91,0.25,50.5,0.5,5.9,5.3,34.4,144,0.042,2.5,22800,16.56,1.1,0.25,0.001,1.5,83.6,920,0.33,0.015,0.001,7.6,630,5000,1.81,0.039,84,0.001,18.6,31,4,43,220,0.5,60.3,2.2,0.0005,0.000001,23900,85700,10.98,7,0.02,0.5,0.0025,600,1.24,16.3,47,6.6,3.29,0.93,29,4070,4.51,124,0.11,0.4,0.5,120,10400,1.07,31,77.3,10,0.0005,0.0005,257,0.07,3.7,6.2,0.002,28,66,0.017,0.4,4.4,29,0.178,1.5,200,60.82,6,50,0.0105664,20.5,250,101.33,1,1.2,0.039,5,5.7,363,0.87,1.6,50.6,0.5,5.3,6.2,35.1,167
374,367,0.005,2.5,5560,13.43,0.05,0.25,0.001,1.5,25.2,620,0.09,0.042,0.001,4.9,1980,30000,3.27,0.021,22,0.001,4.9,10,3.7,13.7,78,0.5,10.5,0.7,0.0005,0.000001,7360,23500,2.81,4,0.01,0.5,0.0025,700,1.49,5.6,9.5,3.3,1.06,0.16,31.24,1820,1.27,81.1,0.05,0.1,0.5,190,30000,3.66,11,13.5,10,0.0005,0.0005,365,0.07,0.8,5.7,0.002,21,30,0.005,0.05,1.3,8.3,0.038,1.5,230,71.79,1.9,50,0.013159,6,250,99.15,0.25,0.25,0.0015,1.5,2.2,380,0.27,0.25,16.5,0.5,2.1,1.2,9.4,25,0.005,2.5,5840,13.51,0.05,0.25,0.001,1.5,25.4,610,0.1,0.006,0.001,4.8,2140,30000,3.35,0.022,24,0.001,5.1,10,3.9,15.5,70,0.5,11.3,0.8,0.0005,0.000001,7690,23200,3.11,5,0.01,0.5,0.0025,800,1.49,6.6,11,3.6,1.09,0.2,37.96,2010,1.29,88.5,0.05,0.1,0.5,220,30000,3.67,12,14.7,55,0.0005,0.0022218,342,0.07,0.8,6.3,0.002,30,35,0.005,0.05,1.4,8.4,0.037,1.5,270,71.45,2,50,0.0109568,8,250,99.34,0.25,0.25,0.006,1.5,2.7,395,0.28,0.25,17,0.5,2,1.2,10.1,25
389,386,0.004,2.5,12500,15.36,0.6,0.25,0.001,1.5,63,640,0.24,0.028,0.001,6,3980,30000,3.79,0.015,51,0.0067566,9.1,15,3.6,39.9,140,0.5,16,1.2,0.0034048,0.000001,16300,32700,4.25,5,0.01,0.5,0.0025,1800,1.73,17.5,29,13.1,2.38,0.18,35.5,6120,2.27,175,0.06,0.1,0.5,290,31900,4.13,22,22.3,10,0.0005,0.0013186,696,0.15,1.9,5.8,0.002,52,25,0.017,0.2,3.2,11,0.023,1.5,180,64.9,3.5,50,0.0041758,20.8,250,99.51,0.25,0.25,0.006,5,3.2,1150,0.5,0.25,34.9,0.5,3.5,1.2,30.2,76,0.006,2.5,13200,15.48,0.6,0.25,0.001,1.5,66.8,690,0.26,0.028,0.001,7.1,4120,30000,3.8,0.015,51,0.001,10.1,16,4.1,41.6,150,1,16.5,1.2,0.0013724,0.000001,17200,34800,4.35,5,0.01,0.5,0.0025,1900,1.73,18.6,30,13.9,2.49,0.19,31.16,6460,2.29,195,0.06,0.1,0.5,310,32400,4.02,23,23.5,10,0.0005,0.0005,705,0.15,2.1,5.9,0.002,49,26,0.018,0.1,3.4,11,0.021,1.5,180,65.18,3.6,50,0.0033076,21.8,250,100.06,0.25,0.25,0.011,5,3.4,1220,0.5,0.25,36.7,0.5,3.6,1.1,31.7,82
404,402,0.009,2.5,21900,14.27,1,3.4,0.001,1.5,141,730,0.42,0.032,0.001,5.3,2240,20000,3.2,0.039,58,0.0032854,10.6,17,3.6,48.2,120,1,17.9,1.6,0.0005,0.000001,24200,49700,6.91,6,0.03,0.5,0.0025,1300,1.7,19.8,35,7.3,3.25,0.42,38.14,4940,2.77,157,0.08,0.1,0.5,200,18300,2.37,28,22.5,10,0.0005,0.0005,499,0.12,3.5,5.9,0.002,51,62,0.023,0.05,5.6,18,0.066,1.5,180,64.64,4.4,50,0.0078336,17.3,250,100.19,0.25,0.8,0.007,6,5,1310,0.87,1,68,0.5,8.9,2.6,29.8,91,0.009,2.5,22900,14.24,3.1,0.25,0.001,1.5,147,710,0.46,0.04,0.001,4.2,2210,20000,3.21,0.037,63,0.001,10.9,18,3.5,52.2,120,1,18.6,1.6,0.0005,0.000001,27000,50400,6.87,6,0.03,0.5,0.0025,1300,1.68,19.7,38,7.4,3.36,0.4,34.27,5200,2.73,163,0.08,0.1,7,210,18600,2.28,25,25.5,10,0.0005,0.0005,527,0.12,3.4,5.9,0.002,52,65,0.072,0.05,5.9,18,0.082,1.5,170,63.44,4.8,50,0.0066028,15.5,250,98.88,0.7,0.7,0.012,7,6.2,1390,0.87,0.25,74.2,0.5,9,2.6,31.6,91
419,409,0.004,2.5,10500,12.73,0.2,0.25,0.004,1.5,44,480,0.2,0.065,0.001,1.7,1500,30000,3.81,0.012,36,0.001,10.2,23,1.7,216,480,2,10,0.9,0.0005,0.000001,14000,35900,4.38,5,0.01,0.5,0.0025,3500,2.22,13.3,18,15.9,1.4,0.23,30.12,9150,4.34,143,0.07,0.1,7,120,28000,3.31,18,74,200,0.0005,0.0005,215,0.06,1.7,6.2,0.002,91,8,0.005,0.05,1.3,12,0.005,1.5,190,66.92,2.4,50,0.0021962,8.3,800,99.54,0.25,0.25,0.0015,7,4.9,860,0.3,0.25,25.1,0.5,3.6,1.4,20.8,123,0.003,2.5,10400,12.62,0.2,0.25,0.003,1.5,43.5,490,0.19,0.064,0.001,0.25,1460,20000,3.58,0.012,30,0.001,10,19,1.9,217,400,2,10.7,0.7,0.0005,0.000001,13600,30500,4.1,4,0.01,0.5,0.0025,3600,2.25,13.6,17,15.9,1.44,0.18,33.64,9040,3.99,138,0.06,0.1,0.5,110,26000,3.42,13,73.8,130,0.0005,0.0005,219,0.05,1.6,6.9,0.002,84,9,0.005,0.05,1.3,9.8,0.011,1.5,200,67.76,2.1,50,0.001,8.1,250,99.55,0.25,0.25,0.0015,7,5.2,853,0.29,1.6,24.5,0.5,2.8,1.1,20.4,65
434,423,0.005,2.5,3110,11.43,0.2,0.25,0.001,1.5,10.9,610,0.1,0.029,0.001,2,1060,20000,2.42,0.015,28,0.001,2.6,8,2.1,13.9,78,2,4.3,0.8,0.0005,0.000001,6860,19700,2.6,5,0.01,0.5,0.0025,500,2.35,8.4,16,3.6,0.65,0.16,31.61,1390,1.19,44.5,0.04,0.1,4,80,25900,3.23,10,5.7,10,0.0005,0.0005,214,0.05,1.2,6,0.002,52,10,0.005,0.05,0.9,7.6,0.023,1.5,130,75.05,1.9,50,0.001,3.2,250,99.38,0.25,0.25,0.007,6,7.9,358,0.37,1.3,15.4,0.5,2.2,1.1,4.8,55,0.005,2.5,3320,11.11,0.2,0.25,0.001,1.5,11.1,750,0.11,0.037,0.001,2.4,1430,5000,2.25,0.015,31,0.001,2.5,7,2.2,15.5,70,0.5,3.9,0.9,0.0005,0.000001,7090,23700,2.46,6,0.01,0.5,0.0025,600,2.36,13.8,18,3.7,0.68,0.27,37.73,1450,1.08,53.5,0.04,0.1,0.5,100,27600,3.13,11,5.7,10,0.0005,0.0005,214,0.04,1.4,5.9,0.002,56,12,0.005,0.05,1.1,8.3,0.015,1.5,90,75.94,2,50,0.0023942,4.6,250,99.43,1.7,0.25,0.0015,9,9.6,496,0.34,1.7,16.6,0.5,2.8,1.5,5.5,25
449,441,0.009,2.5,8100,14.31,0.6,0.25,0.001,1.5,56,550,0.2,0.038,0.001,2.1,2420,40000,3.54,0.027,21,0.001,7.3,13,1.6,34.1,100,2,13.4,0.7,0.0005,0.000001,13100,25400,3.26,3,0.01,0.5,0.0025,2000,1.58,8.2,11,13.8,1.13,0.13,30.61,4840,1.71,138,0.05,0.1,0.5,110,34000,4.08,12,28.5,10,0.0005,0.0005,640,0.1,1.1,5.9,0.002,60,15,0.005,0.05,2.1,8.2,0.028,1.5,100,69.97,1.6,50,0.0020664,11.3,250,100.05,0.25,0.25,0.007,3,2.7,859,0.33,0.25,26.6,0.5,2.3,0.6,23.6,25,0.008,2.5,6800,14.26,0.6,1.8,0.001,1.5,49.4,520,0.18,0.047,0.001,0.25,2320,20000,3.58,0.028,21,0.001,6.5,12,1.7,30.8,110,1,11.6,0.7,0.0005,0.000001,11600,25600,3.39,3,0.01,0.5,0.0025,1600,1.58,8.7,12,11.6,1.1,0.12,34.36,4180,1.78,122,0.05,0.1,0.5,90,33200,4.09,12,25.8,80,0.0005,0.0005,693,0.12,1.1,6.4,0.002,58,16,0.005,0.05,1.7,8.3,0.028,1.5,100,69.5,1.6,50,0.001,12,250,99.79,0.25,0.25,0.01,3,2.6,731,0.34,0.25,23.4,0.5,2.1,0.8,19.9,56
464,458,0.0005,2.5,7870,9.8,0.4,1,0.001,1.5,13.1,560,0.26,0.021,0.001,0.25,1380,20000,1.57,0.016,21,0.0022818,5.1,8,3,48.9,74,0.5,5.4,0.5,0.0005,0.000001,21500,20000,2.42,2,0.01,0.5,0.0025,400,2,8.8,11,3.2,1.49,0.13,30.66,2050,1.05,144,0.03,0.1,0.5,70,20300,2.56,8,11.6,10,0.0005,0.0011368,452,0.05,0.9,5.8,0.002,79,39,0.005,0.2,1.4,6.1,0.027,1.5,590,77.51,1.4,50,0.0026106,3.8,250,98.74,0.8,0.25,0.006,7,4.7,480,0.28,1.2,47.4,0.5,3.2,1,7.6,25,0.004,2.5,5320,9.82,0.3,0.25,0.001,1.5,12.6,390,0.17,0.018,0.001,2.5,820,5000,1.63,0.018,19,0.001,3.6,8,2.8,29.2,79,0.5,4.7,0.5,0.0005,0.000001,8600,22000,2.47,2,0.01,0.5,0.0025,500,2.05,5.9,11,3.1,1.45,0.15,34.68,1870,1.14,96.2,0.03,0.1,0.5,60,18600,2.47,8,9,69,0.0005,0.0005,214,0.05,1.4,5.9,0.002,44,21,0.005,0.05,1.1,6.4,0.021,1.5,430,78.04,1.3,50,0.003244,2.1,250,99.42,0.25,0.25,0.0015,3,4.7,377,0.28,1,19.1,0.5,1.8,0.8,7.4,25
479,474,0.005,2.5,4890,13.33,0.1,0.25,0.002,1.5,20.4,380,0.07,0.0025,0.001,1.8,1580,30000,3.49,0.013,17,0.001,2.2,8,1.7,10.3,110,0.5,4.7,0.6,0.0005,0.000001,3960,20500,2.43,3,0.01,0.5,0.0025,700,1.12,5,9.3,3.1,0.7,0.17,38.8,1370,1.35,42.2,0.05,0.1,0.5,220,25800,3.57,6,11.3,10,0.0005,0.0005,197,0.05,0.5,6.1,0.002,37,15,0.005,0.05,0.8,8.5,0.005,1.5,190,72.19,1.4,50,0.001,7.7,250,98.47,0.25,0.25,0.0015,1.5,2.2,296,0.19,0.7,9.5,0.5,1.3,1,7.6,25,0.004,2.5,4110,13.4,0.05,0.25,0.001,1.5,16.6,360,0.06,0.0025,0.001,0.25,1200,30000,3.42,0.011,13,0.0027352,1.8,7,1.7,9.6,99,0.5,4.1,0.5,0.0005,0.000001,3310,15600,2.29,2,0.01,0.5,0.0025,500,1.17,3.5,7.8,2.6,0.73,0.1,32,1170,1.31,33.8,0.04,0.1,0.5,190,28100,3.87,6,10.2,10,0.0005,0.0005,128,0.04,0.5,6.2,0.002,29,14,0.012,0.05,0.6,6,0.005,1.5,170,73.39,1,50,0.001,5.1,250,99.84,0.25,0.25,0.005,1.5,1.4,228,0.19,0.25,7.7,0.5,0.9,0.7,6.3,25
494,486,0.008,2.5,9730,12.92,0.3,0.25,0.001,1.5,37.7,560,0.17,0.014,0.001,6.4,1030,20000,2.4,0.026,32,0.0037192,5.5,12,3,16.8,80,0.5,10.2,1,0.0005,0.000001,16000,40000,6.26,5,0.03,0.5,0.0025,700,1.04,10.1,18,5.4,2.19,0.46,33.52,2440,2.14,138,0.1,0.1,4,90,24200,2.64,13,10.2,10,0.0005,0.0005,275,0.06,1.8,5.7,0.002,25,42,0.031,0.05,2.2,17,0.095,1.5,100,68.19,2.9,50,0.0034,4.4,250,98.45,0.25,0.25,0.016,5,4.5,547,0.51,0.25,31.6,0.5,3.4,2.9,26.9,70,0.007,2.5,9700,13.35,0.3,0.8,0.001,1.5,37.4,490,0.16,0.012,0.001,5.7,1030,10000,2.46,0.032,38,0.001,5.3,12,2.6,16.2,86,0.5,10.2,0.9,0.0005,0.000001,15300,44500,6.68,6,0.01,0.5,0.0025,700,1.06,9.8,21,5.4,2.39,0.48,37.28,2420,2.31,135,0.11,0.1,0.5,90,22900,2.62,10,9.6,10,0.0005,0.0005,273,0.06,1.8,5.5,0.002,7.5,42,0.015,0.05,2.2,18,0.086,1.5,150,68.22,3.2,50,0.0025206,4.5,250,99.83,0.25,0.25,0.012,6,6,529,0.57,1.7,29.9,0.5,3.2,3.4,26.4,25
509,498,0.01,2.5,9600,12.85,0.2,0.25,0.002,1.5,56.5,440,0.17,0.007,0.001,8.8,2710,5000,2.97,0.022,72,0.001,6.6,9,3.8,26.2,59,0.5,36.2,1.1,0.0005,0.000001,12300,23400,3.27,6,0.03,0.5,0.0025,1700,1.54,21.5,34,8.3,2.42,0.25,31.08,4560,1.34,119,0.04,0.1,0.5,150,30900,3.65,22,15.8,10,0.0005,0.0005,553,0.12,1.6,5.8,0.002,30,49,0.016,0.05,2,10,0.091,1.5,100,69.45,4.1,50,0.004184,15.1,250,98.07,0.25,0.25,0.004,6,4.4,808,0.43,1,22.4,0.5,6,1.5,20.1,25,0.01,2.5,9540,13.41,0.2,0.25,0.001,1.5,58,610,0.17,0.01,0.001,8.6,2500,5000,2.03,0.021,70,0.001,6.8,9,3.5,25.6,69,0.5,36.5,1.3,0.0005,0.000001,12300,24000,5.49,7,0.03,0.5,0.0025,1800,1.93,22.3,34,8.3,2.5,0.23,32.76,4590,1.62,114,0.09,0.1,0.5,130,32500,3.05,23,15.4,10,0.0005,0.0005,557,0.08,1.8,6.8,0.002,36,59,0.005,0.05,1.9,11,0.102,1.5,110,68.43,4.2,50,0.002861,13.1,250,99.13,0.25,0.25,0.006,6,4.7,779,0.5,1.9,22.2,0.5,6,1.5,20.1,25
524,511,0.004,2.5,6950,13.37,0.2,0.25,0.001,1.5,37.7,430,0.21,0.012,0.001,3.6,2790,40000,4.38,0.02,32,0.001,5.4,15,2.7,36.5,220,0.5,17.5,0.6,0.0005,0.000001,10400,33600,4.79,4,0.02,0.5,0.0025,900,1.37,7.6,12,4.7,1.24,0.2,38.37,3340,2.6,117,0.08,0.1,0.5,210,29500,3.56,8,14.9,10,0.0005,0.0005,417,0.09,1.4,6,0.002,34,19,0.005,0.05,1.8,14,0.019,1.5,100,67.99,1.7,50,0.0051078,9.7,250,99.91,0.25,0.25,0.0015,4,2.8,632,0.44,1.1,23.2,0.5,3.2,1.3,13.1,25,0.004,2.5,7160,13.32,0.4,0.25,0.001,1.5,37.6,430,0.22,0.016,0.001,3.7,2710,30000,4.33,0.02,30,0.001,5.7,15,2.6,36.9,200,0.5,18.8,0.7,0.0005,0.000001,10900,32900,4.84,4,0.03,0.5,0.0025,1000,1.38,7.8,12,5.5,1.24,0.19,30.65,3680,2.56,121,0.08,0.1,0.5,200,31900,3.46,6,15.9,10,0.0005,0.0005,431,0.1,1.3,6.3,0.002,40,19,0.005,0.05,1.8,13,0.03,1.5,100,67.78,1.8,50,0.0044426,9.4,250,99.5,0.25,0.25,0.004,4,3.6,632,0.43,0.25,23.3,0.5,2.9,1.4,14.9,90
539,533,0.01,2.5,16800,14.81,0.3,1.4,0.112,1.5,70.5,680,0.29,0.012,0.001,3.8,680,10000,2.03,0.036,61,0.0037954,10.3,16,3,51.6,170,0.5,22.5,1.4,0.0005,0.000001,21400,51900,7.81,7,0.03,0.5,0.0025,700,1.81,18.1,38,4.5,2.53,0.57,38.5,3390,2.91,174,0.09,0.1,0.5,100,13500,1.66,23,28,10,0.0005,0.0005,194,0.06,2.8,6.6,0.002,25,34,0.005,0.2,5.6,21,0.092,1.5,120,65.31,4.7,50,0.0063374,6.5,250,99.89,1.1,1,0.02,7,5.9,652,0.87,0.9,48,0.5,7.9,3.6,24.3,96,0.008,2.5,18500,15.32,0.3,0.25,0.003,1.5,72,620,0.31,0.013,0.001,4.5,850,20000,2.08,0.035,69,0.0027072,10.1,17,2.9,51.3,200,0.5,23.1,1.4,0.0005,0.000001,22600,57500,8.04,8,0.03,0.5,0.0025,700,1.82,20.7,40,4.7,2.44,0.66,31.19,3650,2.95,191,0.09,0.1,0.5,120,14600,1.69,24,29.2,10,0.0005,0.0005,203,0.06,2.7,7.1,0.002,45,38,0.011,0.05,6.3,24,0.071,1.5,140,64.44,5.3,50,0.006072,7.5,250,99.85,1.1,0.9,0.018,8,7.3,789,0.92,1.4,52.2,0.5,8.9,4.5,25.7,66
554,541,0.012,2.5,13100,16.21,0.2,0.25,0.001,1.5,90,540,0.23,0.01,0.001,6.3,2920,5000,4.35,0.02,43,0.001,9.3,14,4.9,24.1,61,2,21.9,1,0.0005,0.000001,18100,31700,4.56,4,0.02,0.5,0.0025,3000,1.34,16.1,24,13.7,1.96,0.15,35.32,6230,1.95,154,0.06,0.1,0.5,240,34300,4.19,18,19.7,10,0.0005,0.0005,719,0.16,0.9,6.1,0.002,43,63,0.005,0.05,2.4,9.8,0.052,1.5,100,65.47,3.1,50,0.0229244,13.7,250,100.82,0.25,0.25,0.0015,5,4.1,1550,0.55,0.25,36.7,0.5,2.4,1,37.3,25,0.009,2.5,13000,15.99,0.2,0.25,0.001,1.5,88.8,500,0.22,0.0025,0.001,6,2870,30000,4.29,0.022,38,0.001,9.3,12,5.1,23.7,54,0.5,22.4,0.8,0.0005,0.000001,18200,29400,4.51,4,0.03,0.5,0.0025,3000,1.38,16.6,22,13.6,1.98,0.14,33.94,6210,1.91,151,0.06,0.1,0.5,230,35000,4.21,15,20,10,0.0005,0.0005,738,0.16,,6.1,0.002,25,60,0.005,0.05,2.4,9.2,0.056,1.5,100,64.39,2.8,50,0.0216632,13.4,250,99.45,1.3,0.25,0.011,5,3.8,1530,0.56,0.25,36.1,2,2.4,0.8,37.1,100
569,563,0.007,2.5,18800,13.86,0.8,0.25,0.001,1.5,101,1000,0.62,0.03,0.001,0.25,2850,30000,3.94,0.047,230,0.0021264,13.7,27,4,37.4,110,0.5,65.7,3,0.0005,0.000001,33900,70700,9.78,15,0.03,0.5,0.0025,2400,2.52,83.2,100,9,2.93,1.24,29.31,4790,2.65,335,0.13,0.1,0.5,260,21700,2.65,85,28.5,10,0.0005,0.0005,787,0.18,2.2,5.7,0.002,97,33,0.016,0.05,7.5,22,0.106,1.5,150,59.96,16,50,0.0070156,10.1,250,99.74,3.1,2.5,0.006,23,13,1800,1.15,2.3,57.6,0.5,35.5,8.2,50.7,177,0.007,2.5,19200,13.67,0.8,0.25,0.001,1.5,103,1000,0.63,0.033,0.001,0.25,2650,5000,3.86,0.048,230,0.0021064,14.4,25,4.1,38.4,100,1,65.8,2.8,0.0005,0.000001,33900,70000,9.65,13,0.03,0.5,0.0025,2300,2.48,83.9,100,9.1,2.82,1.26,32.7,4780,2.61,325,0.13,0.1,0.5,240,22200,2.57,92,28.7,10,0.0005,0.0005,734,0.17,2.2,6.1,0.002,87,34,0.026,0.05,7.4,22,0.106,1.5,130,60.55,16,50,0.0052984,10.4,250,99.63,0.25,3.1,0.0015,23,14,1810,1.11,1.9,57.2,0.5,35.7,7.9,50.9,206
584,575,0.004,2.5,3170,12.12,0.2,0.25,0.001,1.5,13,570,0.09,0.014,0.001,0.25,2200,30000,3.13,0.015,20,0.0021766,2.4,10,2.4,13.2,95,0.5,5.9,0.6,0.0005,0.000001,5740,20400,2.88,5,0.01,0.5,0.0025,500,1.8,6.9,11,2.8,0.69,0.16,37.24,1450,1.6,55.3,0.05,0.1,0.5,170,30300,3.67,10,5.9,10,0.0005,0.0005,385,0.08,0.9,5.9,0.002,52,11,0.005,0.05,1.2,9.2,0.005,1.5,90,73.68,1.7,50,0.001,6.3,250,100.04,0.25,0.25,0.003,1.5,2.9,467,0.35,0.25,14.3,0.5,2.6,0.9,7.1,25,0.005,2.5,3210,11.96,0.1,1.4,0.001,1.5,13.2,560,0.09,0.017,0.001,2.3,2320,20000,3.12,0.013,21,0.001,2.5,10,2.3,13.4,100,0.5,6.3,0.7,0.0005,0.000001,6150,21600,2.9,4,0.01,0.5,0.0025,500,1.8,7,12,3,0.79,0.16,31.47,1500,1.6,56.9,0.05,0.1,0.5,170,31400,3.58,9,5.9,10,0.0005,0.0005,404,0.08,0.8,6,0.002,53,11,0.005,0.05,1.2,10,0.014,1.5,100,72.85,1.8,50,0.001,6.7,250,99.07,0.25,0.25,0.006,1.5,4.1,490,0.34,1.2,15.9,0.5,2.8,1.1,7.3,25
599,594,0.002,2.5,10400,12.21,1,1.3,0.001,1.5,23.7,380,0.22,0.023,0.001,4.4,1270,40000,3.77,0.013,37,0.001,11.2,25,3.9,122,340,0.5,29.5,0.9,0.0005,0.000001,20200,51800,6.61,5,0.02,0.5,0.0025,1000,1.22,8.5,17,4,2.64,0.32,30.3,5580,3.91,125,0.09,0.1,0.5,110,30700,3.33,12,44.8,10,0.0005,0.0005,187,0.06,0.7,5.5,0.002,54,26,0.012,0.05,3.4,20,0.085,1.5,150,65.01,2.8,50,0.0047354,4.1,250,99.66,0.25,0.6,0.0015,5,3.4,812,0.82,1.7,44.9,0.5,3.6,1.9,11.1,25,0.003,2.5,11900,12.13,1.2,1.7,0.001,1.5,26.8,380,0.25,0.023,0.001,5.4,1740,30000,3.73,0.017,25,0.001,12.2,26,3.2,132,420,0.5,32.7,0.7,0.0005,0.000001,23300,50200,6.65,5,0.01,0.5,0.0025,1200,1.26,10.1,14,4.4,2.71,0.27,31.78,6080,3.91,136,0.09,0.1,0.5,160,30300,3.31,11,47,100,0.0005,0.0005,202,0.05,0.6,5.8,0.002,35,25,0.005,0.2,4.1,21,0.062,1.5,100,65.13,2.3,50,0.0050434,5.5,250,99.75,1,0.7,0.004,5,3.3,994,0.78,0.25,52.1,0.5,4.2,1.9,12.1,25
614,605,0.005,2.5,4030,12.2,0.2,0.25,0.001,1.5,23.9,570,0.1,0.022,0.001,3.4,1810,30000,2.79,0.015,32,0.001,4.6,7,2.3,10.5,47,0.5,9.7,0.6,0.0005,0.000001,7680,18800,2.55,5,0.01,0.5,0.0025,1400,1.68,9.4,17,5.2,0.79,0.14,35.53,2210,1,90.6,0.04,0.1,0.5,120,32900,3.8,10,8.1,10,0.0005,0.0005,364,0.08,1,5.6,0.002,51,14,0.005,0.05,1,7.9,0.019,1.5,100,74.04,2.3,50,0.001,6.7,700,99.3,0.25,0.25,0.0015,3,3.9,524,0.33,0.25,15.1,0.5,2.2,0.9,11.2,25,0.004,2.5,3280,12.13,0.2,0.25,0.001,1.5,19.3,560,0.08,0.014,0.001,4,1460,30000,2.94,0.013,36,0.001,3.3,8,2.4,9.4,47,0.5,8.5,0.8,0.0005,0.000001,6190,19300,2.85,5,0.01,0.5,0.0025,1100,1.64,8.3,20,4.8,0.79,0.14,32.47,1790,1.07,75.5,0.04,0.1,0.5,90,33900,3.68,14,6.2,10,0.0005,0.0005,362,0.09,1.8,5.4,0.002,38,12,0.005,0.05,0.8,7.9,0.016,1.5,100,73.58,2.4,50,0.0025232,5.1,250,99.15,0.25,0.25,0.0015,5,3.8,389,0.34,0.25,12.6,0.5,2,1,9.2,52
629,620,0.019,2.5,13700,13.88,0.3,0.25,0.005,1.5,105,1000,0.34,0.011,0.001,5.7,770,30000,2.4,0.033,100,0.001,17.8,29,3.3,44.1,270,2,35.2,1.7,0.0005,0.000001,17900,73500,11.47,8,0.02,0.5,0.0025,1800,0.9,15.1,54,4.1,0.62,0.84,28.73,5000,5.04,245,0.14,0.5,0.5,120,13500,0.91,40,50.3,10,0.0005,0.0005,186,0.05,2.1,5.7,0.002,85,55,0.005,0.05,3.1,25,0.117,1.5,110,63.01,6.8,50,0.0062468,6,250,99.55,0.25,0.25,0.02,8,15,800,1.14,0.25,41.7,0.5,3.9,5.4,28,169,0.016,2.5,12400,16.36,0.3,0.25,0.001,1.5,101,830,0.3,0.016,0.001,4.4,710,20000,1.96,0.031,88,0.002867,15.4,27,3.3,39.2,250,0.5,31.4,1.6,0.0005,0.000001,16200,67100,8.95,8,0.02,0.5,0.0025,1700,1.84,13.3,47,3.8,1.7,0.77,37.4,4550,3.77,218,0.11,0.5,0.5,110,11900,1.44,35,45.5,10,0.0005,0.0005,181,0.07,2,5.9,0.002,71,46,0.005,0.05,2.8,23,0.072,1.5,120,62.82,6,50,0.0073268,5.4,250,99.97,0.25,0.25,0.007,8,14,723,0.96,0.25,36.2,0.5,3.4,4.9,25.4,148
644,634,0.008,2.5,9740,13.62,0.5,0.25,0.001,1.5,32.3,600,0.2,0.031,0.001,2,740,5000,2.82,0.017,22,0.001,3.4,7,2.7,18.4,81,2,4.9,0.6,0.0005,0.000001,8110,19700,2.91,5,0.02,0.5,0.0025,700,1.66,8.1,14,6.5,1.71,0.16,34.98,2150,1.3,59.7,0.04,0.1,0.5,80,25700,3.44,9,10.2,10,0.0005,0.0005,240,0.07,1.7,5.7,0.002,51,33,0.005,0.1,1.5,6.8,0.021,1.5,110,70.98,2,50,0.005461,5.4,250,98.97,0.25,0.25,0.0015,5,3.6,598,0.42,0.25,18.4,0.5,2,0.9,12.4,25,0.009,2.5,9910,13.37,0.5,0.25,0.001,1.5,32.4,750,0.2,0.039,0.001,0.25,740,30000,2.64,0.019,29,0.0042924,3.5,8,2.7,18.5,92,0.5,4.8,0.8,0.0005,0.000001,8150,21300,2.74,6,0.02,0.5,0.0025,700,1.67,7.8,15,6.6,1.87,0.13,30.87,2220,1.19,61,0.04,0.1,3,80,27100,3.39,9,10.1,10,0.0005,0.0005,246,0.06,1.8,5.8,0.002,69,35,0.005,0.05,1.5,7.5,0.019,1.5,110,72.06,2.1,50,0.0073954,5.3,250,99.42,0.25,0.25,0.008,4,4.3,608,0.38,1.9,18.3,0.5,2,1,12.4,123
659,648,0.005,2.5,8160,14.64,0.2,0.25,0.005,1.5,55.6,420,0.11,0.005,0.001,16,1130,30000,4.1,0.022,20,0.0035928,6.3,16,2.4,32.2,250,0.5,11.8,0.7,0.0005,0.000001,9480,30400,3.95,4,0.01,0.5,0.0025,1700,1.11,3.5,11,9.5,1.52,0.11,31.11,3420,2.98,130,0.06,0.1,0.5,110,32000,3.91,8,29.8,10,0.0005,0.0005,259,0.08,0.9,5.6,0.002,39,24,0.005,0.05,1.5,9.4,0.022,1.5,250,66.03,1.6,50,0.001,4.3,250,98.72,0.25,0.25,0.0015,1.5,1.3,682,0.34,0.25,16.8,0.5,1.1,1,21.6,25,0.005,2.5,8350,14.79,0.2,0.25,0.004,1.5,53.1,450,0.12,0.0025,0.001,15,1250,30000,4.2,0.021,19,0.001,6.3,15,2.2,32.3,220,0.5,11.2,0.6,0.0005,0.000001,10100,25800,4.12,3,0.01,0.5,0.0025,1800,1.12,3.9,9.8,9.7,1.63,0.12,36.4,3540,3.12,137,0.07,0.1,0.5,130,28700,3.92,11,29.1,120,0.0005,0.0005,320,0.08,1,5.9,0.002,7.5,26,0.005,0.05,1.5,8.1,0.043,1.5,90,65.8,1.5,50,0.001,4.9,250,99.2,0.25,0.25,0.003,1.5,1.2,685,0.35,0.25,17.4,0.5,1.2,0.6,21.9,25
674,663,0.006,2.5,5510,13.74,0.2,0.25,0.002,1.5,26.9,1000,0.21,0.013,0.001,5.2,2240,20000,2.52,0.018,80,0.001,3.6,7,2.7,17.1,54,0.5,4.7,1.3,0.0005,0.000001,12400,26100,3.62,9,0.02,0.5,0.0025,600,2.79,22.2,42,4.6,1.68,0.28,33.79,1400,0.97,75.2,0.05,0.2,0.5,140,26800,3.4,31,8.7,10,0.0005,0.0005,591,0.15,2,5.8,0.002,110,28,0.005,0.05,1.4,7.1,0.005,1.5,100,69.39,5.1,50,0.0024104,8,250,98.75,0.25,0.25,0.0015,10,12,703,0.45,2,25.3,0.5,6.7,1.8,14.6,63,0.006,2.5,6090,13.77,0.2,0.25,0.001,1.5,31,1000,0.23,0.009,0.001,4.8,2600,20000,2.56,0.022,71,0.0022894,3.9,7,2.7,17,54,0.5,5.1,1.2,0.0005,0.000001,12300,23300,3.73,7,0.01,0.5,0.0025,800,2.7,22.5,38,5.6,1.73,0.3,35.08,1770,0.98,90.2,0.05,0.1,0.5,180,26200,3.36,30,9.6,10,0.0005,0.0005,615,0.16,3.2,5.7,0.002,93,27,0.005,0.05,1.8,6.6,0.024,1.5,110,69.57,4.7,50,0.0032758,8.2,250,99.08,0.25,0.25,0.0015,11,10,822,0.47,2.3,24.9,0.5,7.6,1.8,17.7,25
689,679,0.008,2.5,7710,14.44,0.4,0.25,0.001,1.5,59,740,0.13,0.013,0.001,4.4,460,5000,1.19,0.019,71,0.001,5.8,10,2.2,17.2,90,0.5,15.2,1.4,0.0005,0.000001,11900,42900,6.02,7,0.02,0.5,0.0025,1200,2.11,21.8,40,3.7,0.76,0.61,36.22,3030,1.93,88.1,0.06,0.1,0.5,80,12300,1.45,20,17.4,10,0.0005,0.0005,132,0.05,1.8,5.7,0.002,68,19,0.019,0.05,2.5,15,0.028,1.5,120,70.25,4.7,50,0.0023428,3.3,250,98.82,1.8,1,0.015,14,11,452,0.56,2,19.7,0.5,4,3.4,18.2,25,0.007,2.5,7230,13.8,0.3,0.25,0.001,1.5,56.3,740,0.12,0.006,0.001,3.1,410,20000,1.15,0.018,63,0.0021454,5.7,9,2.1,16.2,92,0.5,14.7,1.4,0.0005,0.000001,11200,41000,5.47,7,0.01,0.5,0.0025,1200,2.15,15.1,38,3.7,0.76,0.53,36.08,2920,1.77,81.6,0.06,0.1,0.5,80,12100,1.55,24,16,10,0.0005,0.0005,120,0.05,1.4,5.8,0.002,61,19,0.005,0.05,2.3,14,0.025,1.5,120,71.56,4.4,50,0.002874,3,250,98.84,0.9,0.8,0.016,8,9.5,426,0.52,0.25,18.5,0.5,3.5,3.5,17.4,94
704,698,0.012,2.5,19100,15.46,4,4.4,0.005,1.5,152,490,0.33,0.052,0.001,1.7,3530,20000,4.03,0.033,52,0.002138,16.8,21,3.5,118,260,2,34.8,1,0.0005,0.000001,27300,43900,6.68,3,0.02,0.5,0.0025,3800,1.57,16.7,18,12.8,2.52,0.21,41.87,13500,4.05,304,0.1,0.1,0.5,220,20600,2.99,14,55.4,80,0.0005,0.0005,896,0.21,1.3,5.8,0.002,79,33,0.039,0.5,5.3,15,0.054,1.5,140,62.06,2.5,50,0.0083492,12.4,250,100.33,0.25,0.25,0.017,8,4.2,1380,0.65,1,63.3,0.5,4.9,1.4,36.9,25,0.013,2.5,19200,15.03,4,4.9,0.001,1.5,165,550,0.32,0.05,0.001,1.1,3480,30000,3.98,0.039,57,0.002495,17,25,3.8,115,290,2,35.5,1.1,0.0005,0.000001,27300,49400,6.54,4,0.01,0.5,0.0025,3900,1.54,15.7,20,12.6,2.56,0.28,34.11,13800,3.98,306,0.1,0.2,0.5,210,23100,2.93,15,54.4,10,0.0005,0.0005,920,0.19,1.4,6,0.002,69,27,0.046,0.4,5.4,17,0.045,1.5,120,60.95,3,50,0.0086604,12.8,250,98.43,1.5,0.25,0.02,9,4.6,1390,0.64,0.25,64.5,0.5,4.8,1.6,37.8,108
719,712,0.022,2.5,31700,15.59,3.2,4.3,0.005,4,173,750,3.32,0.104,0.001,6.3,2850,30000,2.46,0.058,250,0.001,9.8,13,4.7,39.9,110,3,22.9,4.2,0.0005,0.000001,20400,43600,5.73,27,0.03,0.5,0.0025,2400,2.8,86.3,140,14.3,4.59,0.74,31.36,5890,1.73,629,0.16,0.3,10,330,28200,3.53,77,29.6,10,0.0005,0.0005,176,0.14,7.5,6.1,0.002,110,51,0.104,0.3,3.7,9.8,0.062,4,100,61.16,12,50,0.0056216,187,250,98.76,11,1.4,0.019,25,21,1410,0.89,4.9,41.7,0.5,31.7,4.9,68.3,124,0.019,2.5,31700,15.61,3.3,4.5,0.007,1.5,175,760,3.39,0.097,0.001,6.1,2580,30000,2.48,0.082,250,0.001,9.5,13,4.7,38.8,110,3,22.6,4.2,0.0005,0.000001,19700,43300,5.7,27,0.03,0.5,0.0025,2500,2.78,89.7,140,13.7,4.52,0.73,29.89,5660,1.72,610,0.16,0.4,9,620,28200,3.52,79,28.7,10,0.0005,0.0005,205,0.14,7.5,6.1,0.002,110,49,0.054,0.4,3.5,9.8,0.049,3,120,61.54,11,50,0.0070102,182,250,99.07,11,1.6,0.014,25,21,1260,0.9,4.4,38.8,0.5,30.6,4.9,68,122
734,723,0.046,2.5,35300,15.63,6.5,4.5,0.001,5,119,600,0.87,0.112,0.001,3,4310,20000,2.78,0.047,81,0.0031104,24.7,26,6.1,113,200,2,36.2,1.1,0.0005,0.000001,42700,46000,6.84,4,0.02,0.5,0.0025,4000,2.23,33.5,35,29.6,5.72,0.25,35.59,15600,3.7,543,0.1,0.7,0.5,410,22200,2.98,24,62.4,80,0.0005,0.0005,362,0.09,6.4,5.7,0.002,92,58,0.039,0.05,8.6,14,0.121,1.5,110,59.31,3.6,50,0.0060362,22.1,250,100.03,0.25,0.25,0.015,21,13,2090,0.66,1,81.1,0.5,7.8,1.3,55.1,25,0.043,2.5,34700,15.51,6,6.4,0.001,5,114,500,0.84,0.115,0.001,3.7,4380,20000,2.83,0.046,99,0.001,24.7,30,6.3,110,210,3,34.4,1.2,0.0005,0.000001,42000,52500,6.65,5,0.02,0.5,0.0025,3900,2.23,32.5,42,29.2,5.26,0.28,31.21,15400,3.64,541,0.1,0.6,0.5,410,22700,2.99,27,60.6,10,0.0005,0.0010268,370,0.09,6.4,5.5,0.002,120,56,0.044,0.05,8.4,16,0.132,1.5,130,59.53,4,50,0.0037206,22.4,250,99.47,3.2,0.25,0.024,21,15,2080,0.65,2.2,79.8,0.5,7.5,1.4,54.1,112
749,748,0.006,2.5,16700,13.99,1.5,1.2,0.001,1.5,60.4,550,0.38,0.059,0.001,2.2,880,20000,2.25,0.024,34,0.0025724,6,9,3.3,31.1,99,1,9.8,0.9,0.0005,0.000001,14500,26300,3.85,6,0.03,0.5,0.0025,1100,1.95,12.6,19,10.1,2.22,0.2,32.98,3470,1.58,146,0.05,0.1,0.5,90,22100,3.11,13,14.9,10,0.0005,0.0005,169,0.04,1.5,5.7,0.002,53,24,0.034,0.2,2.9,9.3,0.068,1.5,100,70.21,2.2,50,0.006,6.1,250,99.8,0.25,0.25,0.0015,7,5.4,1070,0.54,1.5,32.4,0.5,3.4,1.4,23.8,97,0.005,2.5,16100,13.95,1.6,1.3,0.001,1.5,58.9,610,0.38,0.055,0.001,2.9,850,20000,2.31,0.023,35,0.001,5.8,10,3.3,29.9,94,1,9.4,0.9,0.0005,0.000001,14000,27700,3.86,6,0.03,0.5,0.0025,1100,1.96,12.6,19,9.8,2.16,0.21,35.74,3380,1.65,144,0.05,0.1,0.5,90,23200,3.16,11,14.7,45,0.0005,0.0011362,166,0.04,1,5.7,0.002,71,25,0.026,0.05,2.8,9.5,0.073,1.5,100,69.62,2.2,50,0.0050528,5.9,250,99.29,0.25,0.25,0.0015,7,5.7,1030,0.54,2.1,31.2,0.5,3.3,1.5,23.1,25
764,761,0.006,2.5,4610,14.2,0.1,0.25,0.001,1.5,27.7,610,0.12,0.006,0.001,0.25,1520,30000,3.38,0.014,53,0.001,7,12,2,32.8,100,0.5,8.2,1.1,0.0005,0.000001,14600,28700,3.88,6,0.01,0.5,0.0025,1000,1.56,11.1,28,4.3,0.59,0.2,36.85,2000,1.51,126,0.06,0.2,0.5,90,32100,3.82,18,17.9,10,0.0005,0.0005,560,0.12,0.8,5.7,0.002,48,13,0.005,0.05,1.1,10,0.015,1.5,140,70.31,3.4,50,0.002039,11.6,250,99.82,0.25,0.25,0.004,5,4.5,471,0.4,0.25,35,0.5,2.8,1.2,11.6,25,0.006,2.5,4630,13.98,0.1,0.25,0.001,1.5,28,960,0.13,0.008,0.001,2.9,1580,30000,3.28,0.015,80,0.001,7.2,14,2.1,31,130,1,8.2,1.6,0.0005,0.000001,13200,37300,3.71,6,0.01,0.5,0.0025,1000,1.6,11.2,42,4.2,0.67,0.26,31.71,1960,1.47,122,0.06,0.1,0.5,120,38200,3.98,27,18.1,10,0.0005,0.0005,579,0.11,0.8,5.5,0.002,7.5,15,0.005,0.05,1.1,14,0.018,1.5,180,70.65,5.1,50,0.001,6.8,250,99.89,0.25,0.6,0.0015,5,11,465,0.36,0.25,32.5,0.5,2.9,1.4,11.4,25
779,777,0.02,2.5,21400,16.62,0.6,2,0.001,1.5,118,790,0.35,0.022,0.001,4.3,730,5000,1.78,0.039,98,0.001,11.1,22,2.7,52.2,180,1,29.6,1.8,0.0005,0.000001,18500,67700,8.75,8,0.04,0.5,0.0025,2300,2.24,17.2,52,7,2.73,0.73,32.98,5270,3.61,112,0.09,0.2,0.5,110,12800,1.34,40,38.6,10,0.0005,0.0005,319,0.09,3.7,5.8,0.002,83,59,0.005,0.05,4.6,27,0.122,1.5,210,61.84,7.6,50,0.0036908,5.3,250,99.91,0.25,0.25,0.03,9,15,1400,0.82,0.25,53.8,0.5,4.9,4.9,34,84,0.021,2.5,20400,16.05,0.8,1.2,0.003,1.5,110,740,0.33,0.017,0.001,4.7,710,5000,1.7,0.035,110,0.001,10.2,20,2.6,48.6,190,0.5,28.5,1.8,0.0005,0.000001,17900,67200,8.47,7,0.03,0.5,0.0025,2200,2.23,20.5,57,6.8,2.62,0.69,37.5,5190,3.5,112,0.08,0.3,0.5,100,13300,1.29,46,37.3,10,0.0005,0.0005,307,0.08,4.2,5.8,0.002,100,55,0.005,0.05,4.5,27,0.125,1.5,200,63.11,8.3,50,0.0029692,5.4,250,99.92,1.2,1.2,0.029,14,21,1290,0.78,1.8,50.2,0.5,4.7,4.5,32.4,130
