"F1_*Loc","F2_*Loc","XCOO","YCOO","F1_Ag","F1_Ag_INAA","F1_Al","F1_Al2O3","F1_As","F1_As_INAA","F1_Au_INAA","F1_B","F1_Ba","F1_Ba_INAA","F1_Be","F1_Bi","F1_Br","F1_Br_INAA","F1_Ca","F1_Ca_INAA","F1_CaO","F1_Cd","F1_Ce_INAA","F1_Cl","F1_Co","F1_Co_INAA","F1_Cond","F1_Cr","F1_Cr_INAA","F1_Cs_INAA","F1_Cu","F1_Eu_INAA","F1_F","F1_F_ionselect","F1_Fe","F1_Fe_INAA","F1_Fe2O3","F1_Hf_INAA","F1_Hg","F1_Hg_INAA","F1_Ir_INAA","F1_K","F1_K2O","F1_La","F1_La_INAA","F1_Li","F1_LOI","F1_Lu_INAA","F1_Mass_INAA","F1_Mg","F1_MgO","F1_Mn","F1_MnO","F1_Mo","F1_Mo_INAA","F1_Na","F1_Na_INAA","F1_Na2O","F1_Nd_INAA","F1_Ni","F1_Ni_INAA","F1_NO2","F1_NO3","F1_P","F1_P2O5","F1_Pb","F1_pH","F1_PO4","F1_Rb","F1_S","F1_Sb","F1_Sb_INAA","F1_Sc","F1_Sc_INAA","F1_Se","F1_Se_INAA","F1_Si","F1_SiO2","F1_Sm_INAA","F1_Sn_INAA","F1_SO4","F1_Sr","F1_Sr_INAA","F1_Sum","F1_Ta_INAA","F1_Tb_INAA","F1_Te","F1_Th","F1_Th_INAA","F1_Ti","F1_TiO2","F1_U_INAA","F1_V","F1_W_INAA","F1_Y","F1_Yb_INAA","F1_Zn","F1_Zn_INAA","F2_Ag","F2_Ag_INAA","F2_Al","F2_Al2O3","F2_As","F2_As_INAA","F2_Au_INAA","F2_B","F2_Ba","F2_Ba_INAA","F2_Be","F2_Bi","F2_Br","F2_Br_INAA","F2_Ca","F2_Ca_INAA","F2_CaO","F2_Cd","F2_Ce_INAA","F2_Cl","F2_Co","F2_Co_INAA","F2_Cond","F2_Cr","F2_Cr_INAA","F2_Cs_INAA","F2_Cu","F2_Eu_INAA","F2_F","F2_F_ionselect","F2_Fe","F2_Fe_INAA","F2_Fe2O3","F2_Hf_INAA","F2_Hg","F2_Hg_INAA","F2_Ir_INAA","F2_K","F2_K2O","F2_La","F2_La_INAA","F2_Li","F2_LOI","F2_Lu_INAA","F2_Mass_INAA","F2_Mg","F2_MgO","F2_Mn","F2_MnO","F2_Mo","F2_Mo_INAA","F2_Na","F2_Na_INAA","F2_Na2O","F2_Nd_INAA","F2_Ni","F2_Ni_INAA","F2_NO2","F2_NO3","F2_P","F2_P2O5","F2_Pb","F2_pH","F2_PO4","F2_Rb","F2_S","F2_Sb","F2_Sb_INAA","F2_Sc","F2_Sc_INAA","F2_Se","F2_Se_INAA","F2_Si","F2_SiO2","F2_Sm_INAA","F2_Sn_INAA","F2_SO4","F2_Sr","F2_Sr_INAA","F2_Sum","F2_Ta_INAA","F2_Tb_INAA","F2_Te","F2_Th","F2_Th_INAA","F2_Ti","F2_TiO2","F2_U_INAA","F2_V","F2_W_INAA","F2_Y","F2_Yb_INAA","F2_Zn","F2_Zn_INAA","DATE","*SAMP","ELEV","UTM","*COUN","*ASP","*GENLAN","*TOPO","*FORDEN","*TREESPE","TRHIGH","RELAS","*BUSHDEN","*BUSHSPEC","*GRVEGETATIO","*MOSS","*TOP","AoMEAN","*AoRANGE","HUMNO","HUMTHI","*C_PAR","*C_grain","*COLA","*COLE","LOWDE","*COLB","LOWDB","*COLC","TOPC","*WEATH","TEMP","CATLEV0","CATLEV1","CATLEV2","LITO","F1_Ag","F1_Ag","F2_Ag","F1_Al2O3","F1_Al2O3","F2_Al2O3","F1_Au_INAA","F1_Au_INAA","F2_Au_INAA","F1_Ba_INAA","F1_Ba_INAA","F2_Ba_INAA"
312,22,734135.1,7667800,0.009,2.5,11500,14.67,0.5,0.25,0.004,1.5,106,750,0.32,0.061,0.001,16,5900,40000,4.49,0.042,99,0.001,10,18,3,44.5,140,0.5,21.5,2.2,0.0005,0.000001,19400,46000,5.76,7,0.01,0.5,0.0025,1800,1.68,31.9,51,11.7,1.85,0.34,29.09,6100,2.59,260,0.09,0.1,0.5,460,31500,3.71,40,28.5,10,0.0005,0.0005,1300,0.3,4.2,6,0.002,42,41,0.08,0.05,3.8,16,0.062,1.5,170,63.62,6.5,50,0.0043534,29.9,250,99.55,2.7,0.9,0.02,10,8.1,1230,0.79,1.3,44.7,0.5,7.7,2.3,29.3,126,0.012,2.5,13600,14.59,0.5,0.25,0.002,4,124,640,0.4,0.055,0.001,9.7,6940,40000,4.67,0.044,93,0.002827,10.8,20,2.4,44.6,150,0.5,29.4,1.8,0.0005,0.000001,21500,46600,6.13,7,0.02,0.5,0.0025,2400,1.59,22,39,9.7,1.88,0.38,39.35,6410,2.67,301,0.1,0.1,0.5,650,33200,3.58,31,31,10,0.0005,0.0005,1330,0.27,2.1,6.4,0.002,49,43,0.012,0.05,4.4,19,0.037,1.5,140,61.93,6,50,0.0027614,32.5,250,98.24,2.1,0.9,0.014,10,7.6,1360,0.82,2.2,50.1,0.5,7.9,2.1,33.3,119,"950819  ","Smirnov",100,36,"RUS","FLAT","PLAIN","TOP","MD","BI..PI",9,5,"S","..RO","C.B.GMLO","HSDC","M5",3,"2_4",9,2,"TILL",,,,6,,19,,44,"MIX",12,1,506,0,21,0.00212132034355964,0.0105,40.4061017820885,0.0565685424949239,14.63,0.773322522145234,0.0014142135623731,0.003,94.2809041582063,77.7817459305202,695,22.3832362389986
746,32,626978.2,7706727,0.01,2.5,9730,13.62,1.7,0.25,0.001,1.5,33.1,410,0.28,0.018,0.001,4,3860,30000,4.06,0.06,39,0.001,12.7,16,7.3,39.7,100,0.5,61.4,1.3,0.0005,0.000001,24800,43000,6.74,6,0.01,0.5,0.0025,600,1.08,9.8,19,4.6,1.45,0.4,33.86,5760,2.54,278,0.1,0.1,0.5,210,22900,3.24,17,34.5,70,0.0005,0.0005,727,0.15,0.6,5.1,0.002,21,52,0.027,0.05,4.2,16,0.063,1.5,130,65.88,3.4,50,0.0302156,9.7,250,99.75,0.25,0.25,0.0015,5,3.7,1260,0.9,0.9,55.3,0.5,5.9,2.3,28.3,102,0.009,2.5,15100,15.09,1,0.25,0.001,3,73.5,580,0.28,0.025,0.001,7.5,4520,30000,4.06,0.052,64,0.002197,12.5,19,5.1,46.5,110,0.5,55.4,1.6,0.0005,0.000001,23400,48700,6.55,8,0.02,0.5,0.0025,1400,1.33,16.7,32,6,1.91,0.5,33.83,7160,2.75,273,0.09,0.1,0.5,390,25300,3,26,35.7,10,0.0005,0.0005,584,0.14,1.6,5.8,0.002,38,36,0.021,0.05,5.7,23,0.056,1.5,170,63.92,5.3,50,0.0205608,14.3,250,99.61,0.25,0.7,0.014,7,5.8,1550,0.77,0.25,58.9,0.5,8,3.2,30.3,97,"950124  ","Smirnov",80,36,"RUS","SE","RIDGE","TOP","S","BI..PI",3,0,"MD","BI..","C..","-9999","M6",1,"0_2",12,1,"TILLSAP",,,,4,,23,,45,"DRY",15,1,501,0,52,0.000707106781186548,0.0095,14.8864585512958,1.03944696834423,14.355,14.4820197609784,0,0.001,0,120.208152801713,495,48.5689506269548
259,33,649400,7728000,0.017,2.5,6750,14.16,1.2,2.7,0.001,1.5,20.9,550,0.15,0.018,0.001,7.3,3720,30000,4.28,0.025,43,0.001,6.1,14,3.2,25.1,86,1,30.5,1.4,0.0005,0.000001,14400,39200,5.1,7,0.01,0.5,0.0025,600,1.26,11.4,22,3.7,1.13,0.37,35.2,3220,1.98,147,0.08,0.1,0.5,190,29000,3.58,24,16.2,10,0.0005,0.0005,737,0.16,1,5.8,0.002,36,24,0.005,0.3,2.6,16,0.085,1.5,150,66.61,3.7,50,0.0088692,11,700,99,0.5,0.6,0.007,5,4.8,1040,0.64,0.25,33.2,0.5,5.4,2.3,18.6,91,0.005,2.5,7250,14.26,0.9,1.7,0.001,3,19.4,500,0.16,0.014,0.001,12,3260,30000,4.1,0.025,48,0.003062,5,11,3.7,22.5,75,0.5,17.7,1.3,0.0005,0.000001,12400,36500,4.99,8,0.01,0.5,0.0025,600,1.3,10.4,22,3.7,1.46,0.41,36.35,2660,1.9,149,0.08,0.1,0.5,180,29600,3.48,22,13.9,10,0.0005,0.0005,704,0.16,1.1,5.4,0.002,35,38,0.014,0.05,2.4,18,0.094,1.5,160,67.49,4.3,50,0.0058108,9.8,800,99.84,0.25,0.25,0.0015,5,5.1,904,0.62,0.25,32.5,0.5,5,2.5,20.6,25,"950801  ","GKJHTV",200,35,"NOR","E","RIDGE","CONCMED","MD","BI",3,0,"MD",".BI.JU","C.BL.GM","-9999","M10",3,"2_4",5,3,"FLUV",,,,5,,17,,28,"DRY",-9999,1,247,0,20,0.00848528137423857,0.011,154.277843167974,0.0707106781186545,14.21,0.995224181824835,0,0.001,0,35.3553390593274,525,13.4687005940295
591,39,749247.2,7540978,0.016,2.5,11300,10.79,0.3,0.25,0.001,1.5,38.6,300,0.11,0.028,0.001,3,2610,40000,4.19,0.023,18,0.001,12.5,43,2.8,107,1400,0.5,94.6,0.5,0.0005,0.000001,15700,53200,7.64,2,0.01,0.5,0.0025,1200,0.89,4,8.7,5.5,1.67,0.19,31.82,8650,10.24,136,0.12,0.1,0.5,380,16800,2.06,2.5,122,340,0.0005,0.0005,204,0.05,0.7,6,0.002,32,62,0.005,0.05,1.7,21,0.039,1.5,150,60.49,1.4,50,0.0031628,11.6,250,98.55,0.25,0.25,0.017,1.5,2.2,468,0.42,0.25,33.6,0.5,1.4,1,16.9,105,0.015,2.5,15100,14.08,0.4,0.25,0.001,3,53.7,300,0.2,0.021,0.001,10,4800,40000,5.53,0.02,25,0.002888,7.7,24,5,39.4,290,0.5,41.2,0.9,0.0005,0.000001,15500,54600,7.25,5,0.01,0.5,0.0025,1700,1.25,8.4,14,5.6,3.26,0.34,30.85,4690,3.83,147,0.1,0.1,0.5,510,26900,3.02,12,33.6,10,0.0005,0.00126,559,0.12,1,5.9,0.002,32,60,0.005,0.05,2.9,23,0.109,1.5,150,58.95,2.9,50,0.0085072,14.7,250,98.07,0.25,0.25,0.011,4,2.6,917,0.68,1.5,39.3,0.5,4.5,2.3,19.9,62,"950626  ","Smirnov",170,36,"RUS","S","LOWMO","CONVMED","MD","SP.BI.",11,13,"S","..WIROJU","C.BO.G","-9999","M7",5,"4_8",10,4,"TILL",,,,14,,30,,55,"MIX",12,2,512,3,6,0.000707106781186548,0.0155,9.1239584669232,2.32638131010374,12.435,37.4166676333533,0,0.001,0,0,300,0
319,42,586431,7745130,0.005,2.5,11000,13.6,0.3,0.25,0.001,1.5,13.3,550,0.36,0.05,0.001,2.5,2560,20000,2.89,0.014,30,0.001,9.7,14,2.6,42.4,96,0.5,47.8,0.7,0.0005,0.000001,19200,30500,4.72,3,0.02,0.5,0.0025,600,2.18,12.5,14,18.5,1.94,0.16,32.38,7040,2.22,266,0.07,0.1,0.5,100,27700,3.65,11,36.6,10,0.0005,0.0005,479,0.09,1.9,5.7,0.002,87,51,0.005,0.05,2.3,7.9,0.05,1.5,430,68.18,1.8,50,0.0032456,12.2,250,100.07,0.25,0.25,0.008,8,4.1,1000,0.52,1.6,34.5,0.5,3.3,0.8,34.6,68,0.005,2.5,10800,13.45,0.3,0.25,0.001,3,11.5,510,0.33,0.048,0.001,4.1,2420,20000,2.86,0.015,32,0.001,10,16,3.1,54.6,130,1,31,0.7,0.0005,0.000001,18300,35200,4.79,3,0.01,0.5,0.0025,600,2.1,9,15,18.4,2.03,0.16,32.36,8390,2.34,257,0.07,0.1,0.5,100,30200,3.41,9,47.2,10,0.0005,0.0005,350,0.09,1.2,5.6,0.002,77,33,0.005,0.05,2.2,11,0.053,1.5,220,67.98,2.3,50,0.0037174,14.1,250,99.66,1.3,0.25,0.009,5,4.6,983,0.54,0.25,33.7,0.5,2.6,1,36.4,53,"950731  ","GKJHOJ",90,35,"NOR","FLAT","LOWMO","FLATTER","MD","BI",3,-9999,"MD","BI","C.M.GL","PSSC","-9999",2,".5_4",7,2,"FLUV",,,,5,,25,,49,"MIX",17,1,243,0,20,0,0.005,0,0.106066017177982,13.525,1.56844387693874,0,0.001,0,28.2842712474619,530,10.6733099047026
294,51,461915.6,7416106,0.004,2.5,8450,15.61,0.7,0.25,0.001,1.5,30.9,790,0.26,0.068,0.001,0.25,1270,10000,4.86,0.011,38,0.0021726,4.9,6,3.5,36.1,51,0.5,7.2,0.8,0.0005,0.000001,14900,18900,8.14,5,0.01,0.5,0.0025,900,1.08,18.5,23,6.6,2.91,0.19,34.2,2550,2.94,115,0.11,0.1,0.5,110,25000,3.54,15,12.7,10,0.0005,0.0005,465,0.16,2.1,5.6,0.002,91,36,0.066,0.05,2.2,5.6,0.058,1.5,220,59.68,2.2,50,0.0092422,4.9,250,99.96,1,0.8,0.197,14,12,808,0.92,1.6,34.1,0.5,4.5,1.1,12.7,25,0.003,2.5,7910,13.09,0.7,0.25,0.001,1.5,29.3,760,0.25,0.019,0.001,0.25,1060,5000,1.95,0.011,46,0.001,4.4,7,4,30.8,67,0.5,7,0.8,0.0005,0.000001,13100,21000,2.86,6,0.02,0.5,0.0025,900,2.8,17.8,26,6.4,1.48,0.21,36.56,2230,0.96,106,0.04,0.1,0.5,100,28200,3.36,15,10.9,10,0.0005,0.0005,425,0.09,2,5.8,0.002,76,33,0.005,0.05,2,7.5,0.039,1.5,170,73.99,2.7,50,0.011923,4,500,101.03,0.8,0.25,0.0015,13,12,747,0.42,2.3,30.6,0.5,4,1.1,12.1,25,"950710  ","VGMA",180,35,"FIN","E","RIDGE","CONCLOW","MD","P",17,10,"NO","NO","BJUO.MO.CR","HSSC","D10",1.7,"0.5_4.0",8,1.8,"TILL",,,,14,,19,,40,"DRY",13,3,65,7,7,0.000707106781186547,0.0035,40.4061017820884,1.7819090885901,14.35,24.8349698758202,0,0.001,0,21.2132034355964,775,5.47437508015392
632,53,532336.8,7509817,0.004,2.5,10900,11.98,0.8,0.25,0.004,1.5,31.5,440,0.31,0.041,0.001,2.9,1610,20000,2.7,0.016,40,0.0047348,8.1,15,2.8,60,210,1,14.1,1,0.0005,0.000001,17600,36600,4.77,6,0.01,0.5,0.0025,1000,1.94,17.9,25,8.9,1.83,0.33,32.42,3530,2.29,147,0.06,0.1,4,120,21800,2.66,20,22,10,0.0005,0.0005,166,0.04,2,5.9,0.002,110,19,0.005,0.05,4,14,0.025,1.5,150,70.12,3.3,50,0.0055304,8.4,250,98.98,0.25,0.25,0.005,9,8.4,974,0.6,4.3,43.3,0.5,10.2,2.1,15.8,25,0.003,2.5,10200,11.85,0.7,0.25,0.001,1.5,32.5,530,0.29,0.038,0.001,3,1460,30000,2.71,0.017,46,0.001,7.8,16,2.9,57.1,250,2,14,0.9,0.0005,0.000001,16200,38100,4.65,7,0.01,0.5,0.0025,1100,1.89,15.4,26,9.4,1.71,0.43,36.49,3450,2.32,135,0.06,0.1,0.5,110,25800,2.81,19,21.6,10,0.0005,0.0005,162,0.04,1.8,5.8,0.002,81,18,0.014,0.2,3.7,18,0.02,1.5,140,70.47,3.6,50,0.0056556,8,250,99.11,0.25,0.7,0.005,7,7.5,871,0.6,4.2,40.8,0.5,8.8,2.6,16,25,"950821  ","RPAV",280,35,"FIN","NE","PLAIN","CONCLOW","MD","P.SBI.JUN",14,37,"NO","NO","B.JUOMO.LI","HSSC","M10",5.5,"3.0_8.0",6,1.7,"TILL",,,,7,,24,,46,"RAIN",9,3,65,9,1,0.000707106781186547,0.0035,40.4061017820884,0.0919238815542517,11.915,1.54299423506927,0.00212132034355964,0.0025,169.705627484771,63.6396103067893,485,26.2431382708409
260,54,618500,7709600,0.007,2.5,9760,13.59,1,3.9,0.001,1.5,32.6,490,0.21,0.039,0.001,5.8,3690,30000,3.62,0.013,37,0.0021182,6,14,2.9,24.3,78,0.5,25.7,1,0.0005,0.000001,14000,38000,4.21,5,0.01,0.5,0.0025,1000,1.32,11.6,20,8.1,1.48,0.25,34.01,4640,1.73,144,0.06,0.1,0.5,300,26100,3.38,13,13.7,100,0.0005,0.0005,447,0.1,1.6,5.9,0.002,51,23,0.005,0.05,3.3,14,0.045,1.5,140,68.19,2.7,50,0.0062496,10.3,250,98.14,0.25,0.25,0.009,5,4.9,972,0.45,0.25,35,0.5,3.9,1.8,21.6,84,0.02,2.5,10100,14.24,1.6,0.25,0.001,1.5,26.4,380,0.25,0.046,0.001,5.5,2570,30000,3.77,0.031,38,0.0038786,6.3,12,6.1,21.8,66,0.5,39.4,0.9,0.0005,0.000001,13600,34200,4.77,6,0.02,0.5,0.0025,1000,1.33,10.8,17,14,2.41,0.28,32.11,3990,1.83,150,0.07,0.1,0.5,170,30000,3.5,15,14.9,10,0.0005,0.0005,500,0.12,5.2,5.8,0.002,35,40,0.005,0.05,2.4,15,0.06,1.5,160,67.13,2.6,50,0.0098726,9.9,250,99.68,0.25,0.25,0.004,6,4.4,818,0.51,0.25,30.1,0.5,3.3,1.7,40.3,61,"950730  ","CRTF",50,35,"NOR","FLAT","RIDGE","TOP","MD","PI.BI",5,14,"MD","BI..PI","M.BC.GL","PSRD","M10",4,"2_",5,3,"FLUV",,,,12,,22,,80,"DRY",25,1,501,0,20,0.00919238815542512,0.0135,136.18352822852,0.459619407771256,13.915,6.60610000389876,0,0.001,0,77.7817459305202,435,35.7617222669059
321,63,612200,7546100,0.013,2.5,18400,14.58,0.8,0.25,0.001,1.5,56.2,530,0.37,0.04,0.001,3.7,1170,20000,3.12,0.041,44,0.0030774,8.3,15,2.2,41.3,210,1,17.5,1.2,0.0005,0.000001,16800,36700,4.6,7,0.03,0.5,0.0025,1500,1.36,12.5,23,10.9,2.79,0.28,29.34,4500,1.9,184,0.06,0.1,9,100,28800,3.38,22,28.8,69,0.0005,0.0005,340,0.08,4.6,6.2,0.002,48,28,0.005,0.3,2.3,11,0.07,1.5,180,67.04,3.3,50,0.001,9.5,250,99.47,0.7,0.6,0.004,7,6.4,1080,0.55,0.25,33.9,0.5,3.1,1.8,31.3,77,0.003,2.5,13400,14.47,0.5,0.25,0.001,1.5,81.6,440,0.21,0.014,0.001,2.2,1240,40000,3.75,0.028,60,0.001,9.7,14,2.4,50,190,0.5,20.9,1.2,0.0005,0.000001,15600,33300,4.19,7,0.02,0.5,0.0025,3400,1.2,22.3,33,12.3,1.93,0.22,36.99,6830,2.12,157,0.06,0.1,0.5,70,31300,3.8,27,28.3,110,0.0005,0.0005,311,0.08,2,5.6,0.002,52,19,0.005,0.05,1.7,15,0.042,1.5,90,67.32,4.6,50,0.0034054,8.4,250,99.4,0.25,0.25,0.004,7,4.9,1160,0.48,1.1,32.3,0.5,3,1.7,36,25,"950802  ","Smirnov",160,35,"RUS","FLAT","PLAIN","TOPFLAT","MD",".PIBI.",12,11,"S","BI..","M.B.CLO","HSDC","D7",4,"3_5",4,4,"FLUVG",,,,5,,17,,38,"DRY",20,1,510,2,1,0.00707106781186548,0.008,176.776695296637,0.0777817459305198,14.525,1.07100510747704,0,0.001,0,63.6396103067893,485,26.2431382708409
723,66,694049,7403132,0.043,2.5,34700,15.51,6,6.4,0.001,5,114,500,0.84,0.115,0.001,3.7,4380,20000,2.83,0.046,99,0.001,24.7,30,6.3,110,210,3,34.4,1.2,0.0005,0.000001,42000,52500,6.65,5,0.02,0.5,0.0025,3900,2.23,32.5,42,29.2,5.26,0.28,31.21,15400,3.64,541,0.1,0.6,0.5,410,22700,2.99,27,60.6,10,0.0005,0.0010268,370,0.09,6.4,5.5,0.002,120,56,0.044,0.05,8.4,16,0.132,1.5,130,59.53,4,50,0.0037206,22.4,250,99.47,3.2,0.25,0.024,21,15,2080,0.65,2.2,79.8,0.5,7.5,1.4,54.1,112,0.074,2.5,40800,16.12,4.9,5.3,0.003,8,164,560,1.17,0.158,0.001,3.6,9130,10000,2.91,0.061,160,0.0023868,30.7,35,7.1,129,210,4,51.9,1.4,0.0017466,0.000001,47300,53900,7.63,4,0.04,0.5,0.0025,6100,2.58,39.1,49,35.7,7.19,0.38,35.29,19300,4.07,544,0.1,0.2,0.5,840,22100,2.58,38,70.6,10,0.0005,0.0005,329,0.1,7.1,6.1,0.002,120,75,0.065,0.3,11.1,21,0.149,1.5,90,55.2,6.2,50,0.0055492,51.4,250,99.24,1.5,0.8,0.039,25,18,2400,0.76,3.7,98.4,0.5,11.8,2.3,75.4,116,"950709  ","Smirnov",60,36,"RUS","FLAT","FLAT","FLAT","MD","PI.BI.",4,4,"MD","..WI","M..BCL","PSDR","M6",3,"1_4",7,3,"FLUVG",,,,1,,10,,13,"DRY",15,2,519,2,1,0.021920310216783,0.0585,74.9412315103691,0.431335136523795,15.815,5.45475986751558,0.0014142135623731,0.002,141.42135623731,42.4264068711929,530,16.0099648570539
700,67,684311.1,7624313,0.006,2.5,7050,14.64,0.4,0.25,0.001,1.5,62.2,650,0.14,0.018,0.001,3.7,2840,40000,4.56,0.015,55,0.001,7.1,19,2.4,33.3,210,0.5,31.8,1.4,0.0005,0.000001,14000,55500,7.27,7,0.01,0.5,0.0025,1400,1.25,15.6,28,4.6,0.93,0.57,30.47,3930,3.35,125,0.11,0.2,0.5,230,25100,3.14,28,24.6,10,0.0005,0.0005,664,0.15,1,5.9,0.002,7.5,27,0.005,0.05,2,20,0.045,1.5,80,63.65,4.3,50,0.001,8.3,250,99.77,0.25,1.1,0.015,5,4,741,0.72,1.2,36.2,0.5,4.5,4,17.1,146,0.005,2.5,6410,14.13,0.2,0.25,0.004,3,49.7,560,0.15,0.006,0.001,3.8,2830,30000,4.17,0.023,42,0.001,6.5,16,2.4,24.2,150,0.5,12,1.3,0.0005,0.000001,10900,42500,5.67,6,0.01,0.5,0.0025,800,1.22,10.2,22,3.4,0.82,0.45,34.9,3100,2.55,128,0.08,0.1,0.5,300,29100,3.31,19,15.6,10,0.0005,0.0005,518,0.12,0.8,5.9,0.002,35,21,0.005,0.05,2.2,18,0.026,1.5,190,66.86,4.1,50,0.0039106,8.7,250,99.52,0.25,0.5,0.008,3,2.8,691,0.6,0.25,29.4,0.5,4.4,3,13.1,25,"950827  ","Smirnov",110,36,"RUS","FLAT","PLAIN","TOP","MD","PI.BI.",4,15,"S","..WI","L..BMO","HSDC","M8",2,"1_4",6,2,"TILL",,,,2,,12,,36,"RAIN",12,1,510,1,22,0.000707106781186547,0.0055,25.712973861329,0.360624458405139,14.385,5.01389584157301,0.00212132034355964,0.0025,169.705627484771,63.6396103067893,605,21.0378877047237
155,109,581616.6,7503319,0.009,2.5,18000,14.9,0.7,0.25,0.001,1.5,68.7,570,0.31,0.095,0.001,3.6,1080,20000,3.04,0.031,34,0.0027234,8.1,14,3.7,37.9,120,3,17.3,0.9,0.0005,0.000001,14900,32600,4.56,6,0.04,0.5,0.0025,2400,1.8,12.6,20,17.8,3.43,0.26,36.83,5300,2.24,136,0.06,0.1,0.5,90,28600,3.22,19,22.5,10,0.0005,0.0005,295,0.08,2.1,5.8,0.002,56,33,0.022,0.05,2.7,13,0.057,1.5,160,66.04,2.7,50,0.0032582,5.1,250,99.93,0.25,0.25,0.007,6,6,1080,0.58,3.2,35,0.5,3.2,1.6,27.3,25,0.007,2.5,19800,15.08,0.7,0.25,0.005,1.5,77.2,500,0.31,0.089,0.001,0.25,1020,40000,3.09,0.041,35,0.001,9.2,16,3.9,42,120,3,18.7,0.9,0.0005,0.000001,17500,37100,4.72,6,0.03,0.5,0.0025,3000,1.81,11,19,21.1,3.77,0.28,32.82,6160,2.36,147,0.06,0.1,0.5,80,28400,3.18,16,27.3,10,0.0005,0.0005,317,0.08,2.9,5.5,0.002,77,38,0.021,0.05,2.7,14,0.063,1.5,150,65.57,3,50,0.0042972,5.1,250,100.3,0.8,0.25,0.007,6,5.8,1130,0.58,1.9,39.2,0.5,2.8,1.7,34,25,"950706  ","RPVM",275,35,"FIN","S","PLAIN","CONVLOW","MD","S.BI",16,16,"NO","NO","B.CRMO","HSSC","M10",3.5,"2.0_5.0",5,2.5,"TILL",,,,7,,24,,44,"DRY",12,3,65,4,1,0.00141421356237309,0.008,35.3553390593274,0.127279220613578,14.99,1.69818840044801,0.00282842712474619,0.003,188.561808316413,49.4974746830583,535,18.5037288534797
242,118,512429,7781904,0.027,2.5,8310,13.96,0.5,0.25,0.005,1.5,39.8,750,0.23,0.018,0.001,0.25,1320,20000,2.23,0.022,40,0.001,5.4,7,2,15,23,0.5,12.4,1.1,0.0005,0.000001,14800,21600,3.16,3,0.01,0.5,0.0025,1300,2.16,9.5,23,11.9,1.35,0.23,34.73,5290,1.26,213,0.06,0.1,0.5,70,27200,3.27,17,10.9,10,0.0005,0.0005,289,0.06,1.5,6,0.002,59,21,0.005,0.05,2.7,7.2,0.03,1.5,100,71.72,2.7,50,0.0023502,4,250,99.49,0.25,0.25,0.038,6,4.9,557,0.25,0.25,22.9,0.5,3.6,1.5,30.3,59,0.011,2.5,8160,14.16,0.9,0.25,0.001,1.5,47.4,890,0.25,0.026,0.001,0.25,1240,20000,2.26,0.051,50,0.001,5.3,7,1.7,14.6,34,0.5,17.3,1.1,0.0005,0.000001,15300,24400,3.33,3,0.01,0.5,0.0025,1400,2.22,9.1,28,9.7,1.39,0.27,35.55,4950,1.36,198,0.06,0.1,0.5,80,30700,3.35,21,9.9,10,0.0005,0.0005,266,0.07,4.2,5.6,0.002,87,20,0.005,0.05,2.9,11,0.044,5,100,70.66,3.5,50,0.001,3.8,600,99.12,0.25,0.25,0.011,5,5.8,638,0.27,0.25,26.1,0.5,3.7,2,37.7,25,"950723  ","OJGKTV",210,35,"NOR","FLAT","PLAIN","FLAT","NO","NO",0,0,"S","BI","C.OL.M","PSSC","M10",1.5,"1_2",8,1.5,"FLUVG",,,,2,,18,,32,"MIX",8,1,68,2,10,0.0113137084989848,0.019,119.091668410366,0.141421356237309,14.06,2.01168358801293,0.00282842712474619,0.003,188.561808316413,98.9949493661167,820,24.1451096014919
558,133,733584.8,7640599,0.02,2.5,25000,15.68,2.3,4.1,0.001,4,224,590,0.52,0.059,0.001,6.7,9340,40000,4.89,0.035,96,0.0023588,17.3,24,4.9,78.9,200,0.5,56.6,2,0.001538,0.000001,37200,52500,7.7,5,0.01,0.5,0.0025,4700,1.71,42.7,53,16.6,3.11,0.22,33.05,12700,3.58,389,0.1,0.1,0.5,1020,26900,3.25,41,56.1,10,0.0005,0.0005,1170,0.26,3.9,6,0.002,85,65,0.005,0.05,7.7,18,0.035,1.5,140,58.63,6.7,50,0.002199,48,250,99.74,0.25,0.8,0.009,14,9.6,2190,0.83,2.1,80.7,0.5,12.3,1.9,59.7,155,0.018,2.5,23300,15.59,3,2.3,0.001,1.5,198,660,0.53,0.041,0.001,7.3,8800,40000,4.93,0.029,100,0.0024382,15.4,25,4.9,73.7,190,2,44.7,2.1,0.0016642,0.000001,34400,55800,7.6,6,0.01,0.5,0.0025,4300,1.71,36.4,51,15.4,3.02,0.4,35.36,12200,3.6,339,0.1,0.1,0.5,930,27700,3.27,42,48.4,10,0.0005,0.0005,1120,0.26,3.5,6,0.002,50,61,0.005,0.05,7.3,21,0.047,1.5,120,58.37,7.4,50,0.0052436,42.5,250,99.31,1.5,1,0.018,11,7.7,2110,0.86,0.25,77.3,0.5,10.6,2.5,54.9,103,"950818  ","Smirnov",80,36,"RUS","FLAT","PLAIN","FLAT","MD","PI..SPBI",6,1,"MD",".BI.","C.O.MLP","HSDC","M6",3,"2_5",7,3,"FLUVG",,,-9999,-9999,,11,,17,"DRY",18,1,510,3,20,0.0014142135623731,0.019,14.8864585512958,0.0636396103067892,15.635,0.814066009680706,0,0.001,0,49.4974746830583,625,15.8391918985787
688,146,803908.8,7433651,0.014,2.5,7300,14.97,0.5,0.25,0.009,1.5,41,470,0.14,0.031,0.001,2.8,3290,40000,4.07,0.015,29,0.001,4.4,12,2,22.8,100,0.5,14.8,0.9,0.0005,0.000001,8300,30900,3.48,5,0.01,0.5,0.0025,800,1.71,7.7,13,6,0.95,0.26,31.68,3100,1.72,95.8,0.06,0.1,0.5,370,28600,3.91,11,17.7,10,0.0005,0.0005,336,0.07,1.1,5.8,0.002,59,16,0.011,0.05,1.2,9.5,0.005,1.5,260,68.66,2.3,50,0.0027506,11.1,250,99.96,0.25,0.25,0.004,3,3,530,0.37,0.25,15.8,0.5,3.9,1.7,15.4,25,0.009,2.5,7770,14.36,0.3,0.25,0.001,1.5,15.2,440,0.14,0.014,0.001,0.25,3210,40000,5.03,0.02,27,0.001,4.7,16,1.9,23.3,150,1,12.4,0.9,0.0005,0.000001,8240,35800,5.65,4,0.01,0.5,0.0025,500,1.25,5.8,13,5.1,1.12,0.39,32.82,3300,2.6,90.6,0.09,0.1,0.5,350,36600,3.28,16,25,10,0.0005,0.0005,270,0.07,1.1,5.9,0.002,81,18,0.005,0.5,1.1,15,0.022,1.5,590,64.35,2.6,50,0.001,9.7,250,98.32,2,0.25,0.006,1.5,2.6,479,0.5,0.25,15,0.5,3.5,2.1,15.2,25,"950706  ","Smirnov",90,36,"RUS","FLAT","FLAT","FLAT","MD","PI..SP",8,3,"NO","NO","H.L.BCM","HSSC","D7",1,"0,5_3",12,1,"FLUVG",,,,5,,62,,72,"DRY",15,2,516,0,31,0.00353553390593274,0.0115,61.4875461901346,0.431335136523795,14.665,5.88251123796515,0.00565685424949238,0.005,226.274169979695,21.2132034355964,455,9.32448502663579
402,153,491303.6,7582636,0.009,2.5,22900,14.24,3.1,0.25,0.001,1.5,147,710,0.46,0.04,0.001,4.2,2210,20000,3.21,0.037,63,0.001,10.9,18,3.5,52.2,120,1,18.6,1.6,0.0005,0.000001,27000,50400,6.87,6,0.03,0.5,0.0025,1300,1.68,19.7,38,7.4,3.36,0.4,34.27,5200,2.73,163,0.08,0.1,7,210,18600,2.28,25,25.5,10,0.0005,0.0005,527,0.12,3.4,5.9,0.002,52,65,0.072,0.05,5.9,18,0.082,1.5,170,63.44,4.8,50,0.0066028,15.5,250,98.88,0.7,0.7,0.012,7,6.2,1390,0.87,0.25,74.2,0.5,9,2.6,31.6,91,0.008,2.5,20800,14.05,0.9,0.25,0.001,1.5,142,800,0.45,0.026,0.001,0.25,1770,20000,3.12,0.028,64,0.001,10,19,3.4,45.9,140,0.5,16.6,1.6,0.0005,0.000001,24400,52300,6.82,7,0.02,0.5,0.0025,1300,1.69,17.1,38,7,3.23,0.46,36.29,4790,2.66,155,0.08,0.1,0.5,170,20700,2.25,33,21.5,10,0.0005,0.0005,461,0.12,3,5.9,0.002,60,60,0.027,0.05,5.3,22,0.071,1.5,200,64.85,5.4,50,0.0076744,13.1,250,99.72,0.25,0.7,0.014,6,6.2,1340,0.84,0.25,71.1,0.5,8,2.5,28.4,80,"950704  ","MLRMADR",285,35,"FIN","NE","FLAT","FLATLOW","MD","BI.S.PJUN",10,12,"S",,"MO.BCR","HSSC","D10",2.1,"0.2_4.0",5,1,"TILL&SAP",-9999,-9999,-9999,3,-9999,21,-9999,40,"DRY",18,1,71,4,32,0.000707106781186547,0.0085,16.637806616154,0.134350288425444,14.145,1.89961524815049,0,0.001,0,63.6396103067893,755,16.8581749157058
268,157,560960,7810912,0.008,2.5,16700,13.3,5.3,5.7,0.001,1.5,44.8,340,0.77,0.157,0.001,4.7,160,5000,0.4,0.012,72,0.004141,15,15,5.1,25.7,75,3,18.1,1.2,0.0005,0.000001,38000,42400,6.08,9,0.03,0.5,0.0025,1000,2.71,8.6,38,31.7,4.62,0.54,31.05,4440,1.39,605,0.08,0.1,4,40,7800,1.01,32,26.6,50,0.0005,0.0016594,309,0.08,12.4,5.3,0.002,110,55,0.049,0.3,3.2,12,0.244,1.5,130,69.09,4.6,50,0.0068758,6.6,250,99.58,1.7,0.9,0.02,10,12,97.3,0.83,2,22.9,0.5,6.5,3.6,58.9,109,0.007,2.5,13500,13.44,5.1,8.6,0.001,1.5,104,480,0.96,0.159,0.001,0.25,250,5000,0.42,0.024,93,0.002476,12.1,15,3.4,23.1,91,5,16.8,1.4,0.0005,0.000001,39900,49400,6.32,9,0.01,0.5,0.0025,1000,2.89,9.3,46,28.2,3.9,0.65,33.16,4740,1.48,624,0.09,0.1,2,40,10100,1,36,24.2,10,0.0005,0.0011004,352,0.09,9.2,5.7,0.002,120,21,0.058,0.6,3.3,17,0.094,1.5,100,69.31,6.1,50,0.0042262,7.5,250,99.74,1.1,0.25,0.022,11,13,106,0.8,3.3,21.8,0.5,7.4,4.3,51.3,115,"950729  ","GKJHTV",100,35,"NOR","FLAT","SLOPE","UPBRTER","D","BI",6,6,"S","BI","C.BOM.L","HSDC","M10",2,"2_4",7,2,"FLUV",-9999,,,5,,24,,63,"MIX",14,1,68,3,9,0.000707106781186547,0.0075,18.8561808316413,0.0989949493661158,13.37,1.48085189777286,0,0.001,0,98.9949493661167,410,48.2902192029837
403,161,445850,7731780,0.009,2.5,11800,13.08,0.6,0.25,0.008,1.5,50.3,390,0.23,0.034,0.001,10,4480,30000,4.77,0.05,33,0.001,15.8,30,2.3,110,300,1,42.6,1.2,0.0005,0.000001,25400,60200,7.75,5,0.01,0.5,0.0025,1800,0.99,12.3,18,8.3,1.71,0.35,29.67,10100,5.1,256,0.11,0.1,0.5,420,31500,3.92,16,56.7,85,0.0005,0.0005,485,0.12,1,5.9,0.002,33,37,0.019,0.05,5,23,0.075,1.5,150,61.29,3.5,50,0.001,9.8,250,99.78,0.25,0.5,0.007,5,3.9,1260,0.94,0.25,68.6,0.5,6.7,2.4,24.7,122,0.01,2.5,12500,13.47,1.1,2.1,0.001,1.5,66.1,250,0.28,0.04,0.001,13,3940,30000,4.56,0.053,29,0.001,18.3,33,3.3,118,330,0.5,50.5,1.1,0.0005,0.000001,27400,59400,8.17,5,0.01,0.5,0.0025,2000,1.02,13.3,18,9.1,2.33,0.38,36.75,11100,5.53,264,0.11,0.1,0.5,370,31300,3.72,15,64.8,130,0.0005,0.0005,460,0.11,1.5,6.2,0.002,41,42,0.027,0.05,5.1,28,0.13,3,140,59.76,3.6,50,0.003363,9.3,250,99.73,0.25,0.25,0.02,6,3.7,1240,0.94,0.25,75.1,0.5,7,2.5,28.2,101,"950720  ","GKJHOJ",330,35,"NOR","FLAT","PLAIN","UPBRFLAT","D","BI",2,0,"MD","BI..JU","C.BML.GO","PSDC","M10",2,"1_6",6,2,"TILL",,,,2,,16,,28,"DRY",12,1,68,2,1,0.000707106781186548,0.0095,14.8864585512958,0.275771644662754,13.275,4.15475170866673,0.00494974746830583,0.0045,219.988776369148,98.9949493661167,320,61.8718433538229
521,169,429450,7827450,0.01,2.5,11700,13.7,1.1,1.6,0.004,1.5,47.2,720,0.28,0.074,0.001,4.8,2190,5000,2.05,0.031,110,0.0037936,9.3,11,4,17,49,2,18.4,1.5,0.0005,0.000001,19200,31300,4.31,11,0.03,0.5,0.0025,3600,2.38,30.8,52,9.2,2.17,0.79,31.68,4670,1.06,206,0.09,0.1,0.5,70,21500,2.44,37,13.9,97,0.0005,0.0005,651,0.14,5,5.8,0.002,98,31,0.024,0.4,2.6,13,0.103,1.5,80,70.36,6.2,50,0.0036518,13.3,250,99.47,1.2,1,0.01,14,12,1270,0.76,3,22.6,0.5,10.2,4.9,37.2,25,0.016,2.5,9880,13.46,1.7,0.25,0.001,1.5,45.5,710,0.2,0.062,0.001,8.3,2140,20000,2.14,0.037,100,0.001,7.9,9,3.8,14.7,44,2,14,1.6,0.0005,0.000001,16400,29500,3.8,12,0.01,0.5,0.0025,3300,2.39,25.5,48,7.9,1.96,0.8,33.47,4130,0.96,173,0.08,0.1,0.5,50,21700,2.36,38,12.8,10,0.0005,0.0005,707,0.15,5.8,5.4,0.002,72,21,0.005,0.05,2.2,15,0.06,1.5,130,71.2,6.6,50,0.0082812,10.7,250,99.23,0.25,0.25,0.014,12,11,1020,0.74,1.7,18.9,0.5,7.8,5.3,31.5,25,"950711  ","CRJHPC",70,35,"NOR","S","LOWMO","CONCLOW","MD","BI",4,0,"NO","NO","B.CO.GM","PSSC","M10",6,"4_12",5,3,"TILL",,,,7,,20,,50,"MIX",8,1,222,0,10,0.00424264068711929,0.013,65.2713951864505,0.16970562748477,13.58,2.49934650198483,0.00212132034355964,0.0025,169.705627484771,7.07106781186548,715,1.97792106625608
279,173,667182.8,7559923,0.004,2.5,7350,13.79,0.2,0.25,0.001,1.5,29.1,670,0.15,0.015,0.001,3,1440,20000,3.15,0.018,27,0.001,4.7,12,2.7,18.1,120,0.5,7.9,1,0.0005,0.000001,7990,30200,3.97,6,0.01,0.5,0.0025,1000,1.62,9.2,16,6,1.2,0.35,36.07,2080,1.67,94.3,0.06,0.1,0.5,110,28200,3.63,10,10.9,10,0.0005,0.0005,289,0.07,1.5,5.6,0.002,35,13,0.005,0.3,1.6,11,0.015,1.5,160,70.02,2.6,50,0.0045622,5.9,500,99.63,1.6,0.25,0.0015,4,4.8,582,0.44,1.5,17.2,0.5,2.6,2.1,16.3,25,0.009,2.5,7950,13.63,0.5,0.25,0.006,1.5,25,610,0.14,0.018,0.001,4.9,1530,30000,3.1,0.026,21,0.001,3.8,9,2.9,20,110,0.5,6.3,0.7,0.0005,0.000001,8060,24600,3.92,5,0.01,0.5,0.0025,800,1.6,7.9,13,5.4,1.49,0.22,38.04,2060,1.68,73.9,0.05,0.1,0.5,120,31600,3.41,11,10.7,10,0.0005,0.0005,285,0.06,1.4,5.8,0.002,39,26,0.005,0.05,1.6,10,0.058,1.5,170,69.72,2.1,50,0.0054668,5.8,250,99.09,0.25,0.25,0.008,3,3.1,582,0.43,0.25,19,0.5,2.6,1.7,14.6,75,"950801  ","Smirnov",140,36,"RUS","SW","RIDGE","LOWBRMED","D","SP..BI",12,18,"MD","BI..","M.B.L","HSDC","M5",4,"2_6",8,3,"FLUVG",,,,12,,27,,56,"MIX",18,1,510,2,1,0.00353553390593274,0.0065,108.785658644084,0.113137084989846,13.71,1.65043158263817,0.00353553390593274,0.0035,202.030508910442,42.4264068711929,640,13.2582521472478
361,177,742736.3,7694889,0.034,2.5,33900,16.42,1.6,0.25,0.001,1.5,180,740,0.51,0.122,0.001,24,5400,20000,3.27,0.054,60,0.0061888,18.7,24,5.7,101,170,3,29.2,1.3,0.0005,0.000001,41700,53800,7.42,6,0.02,0.5,0.0025,7700,2.47,20.4,29,37.4,5,0.28,29.96,14900,3.27,374,0.09,0.9,0.5,650,24800,3.06,26,52.8,10,0.0005,0.0005,644,0.16,4.6,5.8,0.002,110,83,0.005,0.05,8.9,17,0.087,1.5,230,57.75,4.3,50,0.0092528,16.8,250,99.74,1.3,0.7,0.017,13,8.3,2570,0.84,0.25,93.5,0.5,7,1.8,79.1,132,0.016,2.5,30100,16.51,1.4,0.25,0.001,4,216,700,0.56,0.133,0.001,0.25,6040,20000,3.39,0.057,81,0.0032586,20.4,26,5.7,105,190,3,43,1.5,0.0035308,0.000001,42600,54600,7.37,6,0.01,0.5,0.0025,8600,2.58,31.1,43,32.9,3.16,0.31,33.4,15700,3.35,402,0.09,0.1,0.5,780,28000,3.3,33,58.7,10,0.0005,0.0016846,651,0.16,5.9,6.3,0.002,97,36,0.019,0.05,9.4,20,0.029,1.5,190,59.32,6,50,0.00319,27.9,250,100.03,1,0.6,0.029,14,10,2590,0.82,0.25,95.3,0.5,9.1,1.9,80.9,149,"950819  ","Smirnov",30,36,"RUS","NE","RIDGE","UPBRLOW","S","BI..",4,0,"S","..WIJU","C..BGML","PSSC","M5",3,"2_4",6,2,"FLUVG",,,-9999,-9999,,5,,24,"RAIN",10,1,506,0,4,0.0127279220613579,0.025,101.823376490863,0.0636396103067892,16.465,0.773028974270139,0,0.001,0,28.2842712474619,720,7.85674201318386
647,182,476859.5,7496872,0.007,2.5,23100,11.71,3.3,5,0.043,1.5,32.8,420,0.4,0.046,0.001,2,900,20000,3.25,0.019,36,0.0021908,27.8,39,3.4,402,630,2,47.1,0.8,0.0005,0.000001,37100,56500,7.74,4,0.03,0.5,0.0025,100,1.27,6.1,12,8.1,4.26,0.23,32.79,15200,5.85,478,0.13,0.1,0.5,80,16900,2.18,11,169,260,0.0005,0.0005,145,0.05,1.6,6,0.002,51,30,0.055,0.5,4.7,18,0.121,1.5,90,62.1,2.1,50,0.00325,5.3,250,99.46,0.25,0.25,0.0015,8,3.9,1480,0.91,1.1,85.8,0.5,3.3,1.4,35.2,115,0.006,2.5,27400,11.51,3.3,0.25,0.003,3,36.1,420,0.49,0.049,0.001,0.25,1180,30000,3.25,0.022,37,0.0041502,32.6,38,7.1,471,760,1,55.6,0.8,0.0005,0.000001,44100,58000,8.2,4,0.03,0.5,0.0025,200,1.25,7.3,13,9.3,4.44,0.28,31.11,17800,6,563,0.14,0.1,0.5,100,19900,2.13,10,194,250,0.0005,0.0005,153,0.05,0.7,5.9,0.002,47,31,0.07,0.05,6.4,22,0.127,1.5,120,61.99,2.4,50,0.008012,6.3,250,99.84,0.9,0.25,0.018,9,3.7,1830,0.9,0.25,103,0.5,4.1,1.5,40.6,117,"950817  ","RPAV",200,35,"FIN","FLAT","FLAT","FLAT","MD","P.SBI",15,22,"NO","NO","CH.BCRLIN","HSDC","M10",2,"1.0_3.0",5,0.75,"TILL&SAP",,,,9,,25,,46,"DRY",18,3,65,8,51,0.000707106781186548,0.0065,21.7571317288168,0.14142135623731,11.61,2.43619907385547,0.0282842712474619,0.023,245.950184760538,0,420,0
681,190,467320,7844450,0.013,2.5,9210,10.09,1.3,1.8,0.001,1.5,44.3,570,0.22,0.054,0.001,11,930,5000,0.95,0.023,59,0.001,7.8,8,3.7,13.6,25,1,12.2,0.8,0.0005,0.000001,15000,19600,2.68,10,0.01,0.5,0.0025,2700,2.2,17.6,21,7.1,2.05,0.49,32.95,2780,0.6,251,0.07,0.1,0.5,60,15000,1.99,14,10.4,10,0.0005,0.0005,300,0.06,5.9,6.2,0.002,69,37,0.038,0.3,2.1,5.6,0.054,1.5,90,80.16,2.8,50,0.0031506,4.8,250,101.32,0.25,0.25,0.007,12,7.6,1100,0.47,1.7,18.3,0.5,8.5,3.2,30.8,80,0.049,2.5,9950,10.52,1.1,2.9,0.001,1.5,38.5,470,0.28,0.049,0.001,14,550,5000,0.94,0.017,98,0.0074582,6,7,6.8,13.6,30,2,11.8,0.9,0.0005,0.000001,13000,18900,2.41,12,0.03,0.5,0.0025,1900,2.13,23.9,32,7.9,2.64,0.57,31.8,2350,0.55,154,0.05,0.1,0.5,50,19000,2.03,20,10.3,10,0.0005,0.0005,187,0.04,4.7,5.3,0.002,76,44,0.04,0.3,2.1,7.6,0.1,1.5,220,77.34,3.9,50,0.0079716,3.9,250,99.14,0.25,0.25,0.005,14,11,1080,0.49,1.5,16.4,0.5,8.9,3.4,24.6,25,"950715  ","JHOJTV",80,35,"NOR","NW","SLOPE","CONVLOW","NO","NO",0,0,"NO","NO","C..ML","HSSC","M10",8,"5_10",5,3,"TILL",,,,14,,31,,43,"DRY",16,1,226,0,10,0.0254558441227157,0.031,164.231252404618,0.304055915910215,10.305,5.90113373915993,0,0.001,0,70.7106781186548,520,27.1964146610211
641,205,417033.9,7479529,0.004,2.5,8240,12.24,1.3,2.5,0.001,1.5,27.1,690,0.24,0.025,0.001,0.25,1430,30000,2.79,0.011,37,0.001,8,12,3,51.9,140,0.5,15.8,1.1,0.0005,0.000001,15800,36800,4.76,5,0.02,0.5,0.0025,600,1.79,10.7,19,5.1,1.61,0.28,31.7,3370,1.96,97.2,0.06,0.1,5,120,27200,3.27,13,15.6,10,0.0005,0.0005,322,0.08,1.6,6,0.002,60,12,0.016,0.2,2.7,13,0.039,1.5,100,69.85,2.8,50,0.0029278,5.7,250,99.1,0.25,0.25,0.004,6,6.7,1010,0.7,1.7,39.3,0.5,4,1.6,11.1,25,0.004,2.5,10300,12.52,1.6,0.25,0.003,1.5,37.9,520,0.31,0.036,0.001,0.25,1620,30000,2.88,0.015,37,0.002799,6.4,13,4.1,55.4,140,0.5,15.9,0.9,0.0005,0.000001,17300,35900,4.99,5,0.02,0.5,0.0025,600,1.79,12.8,20,6.2,1.81,0.27,33.03,3920,2.03,110,0.06,0.1,0.5,130,28500,3.38,16,17.7,95,0.0005,0.0005,296,0.07,1,6.1,0.002,66,15,0.03,0.3,3.2,16,0.064,1.5,140,69.2,2.9,50,0.0045944,7,250,99.46,0.7,0.25,0.007,8,6.5,1210,0.73,1.2,44,0.5,4.3,2.2,13.6,25,"950717  ","VGMA",193,35,"FIN","SW","FLAT","CONCLOW","MD","P.SBI",13,16,"NO","NO","B.CRMO","HSSC","D10",1.1,"0.2_2.5",6,1,"TILL",,,,7,,13,,42,"DRY",20,3,65,5,7,0,0.004,0,0.197989898732233,12.38,3.19854440601346,0.0014142135623731,0.002,141.42135623731,120.208152801713,605,39.7382323311448
589,265,691342,7507901,0.007,2.5,9470,14.93,0.4,0.25,0.001,1.5,64.1,460,0.16,0.031,0.001,3.2,2160,20000,3.63,0.02,23,0.001,6.5,11,2.5,33.1,110,1,18.3,0.7,0.0005,0.000001,12800,25500,3.7,4,0.01,0.5,0.0025,2500,1.95,10.3,13,17.7,1.94,0.18,33.3,4700,1.83,143,0.05,0.1,0.5,150,30100,3.97,12,25.5,10,0.0005,0.0005,486,0.11,0.9,5.9,0.002,60,30,0.005,0.05,2,9.1,0.014,1.5,90,66.67,2.2,50,0.003837,6,250,99.19,1.3,0.25,0.0015,5,4,1050,0.41,0.25,26.3,0.5,3.2,1,31.6,56,0.036,2.5,6760,14.01,0.3,0.25,0.004,1.5,29.3,410,0.14,0.034,0.001,3.5,2070,30000,3.56,0.012,17,0.001,3.6,9,3.1,18.6,93,0.5,6.8,0.7,0.0005,0.000001,7180,21700,3.25,5,0.01,0.5,0.0025,500,1.68,7.4,10,9.5,1.74,0.19,34.63,2240,1.55,66.1,0.05,0.1,0.5,110,28600,3.94,9,13.5,10,0.0005,0.0005,524,0.12,1.3,5.7,0.002,62,30,0.005,0.05,1.3,7.8,0.016,1.5,110,69.76,1.8,50,0.0022144,7.1,250,100.03,0.25,0.25,0.0015,3,2.8,531,0.37,0.25,15.4,0.5,2.7,1.1,13.7,25,"950624  ","Smirnov",150,36,"RUS","E","SLOPE","LOWBRLOW","MD",".SPPIBI.",-9999,-9999,"MD","..WI","M.BH.CGO","PSSC","M5",4,"3_6",5,3,"FLUVG",,,,3,,30,,40,"DRY",25,2,512,2,1,0.0205060966544099,0.0215,190.754387482883,0.650538238691624,14.47,8.99154441868174,0.00212132034355964,0.0025,169.705627484771,35.3553390593274,435,16.255328303139
587,273,569021.8,7683944,0.025,2.5,5470,13.64,0.2,0.25,0.002,1.5,31.8,530,0.14,0.022,0.001,3,1860,20000,3.35,0.015,23,0.001,5.1,10,2.1,9.3,47,0.5,24.6,0.7,0.0005,0.000001,9200,24400,3.79,3,0.01,0.5,0.0025,1300,1.85,6.7,13,8.9,1.07,0.2,33.77,2910,1.42,115,0.06,0.1,0.5,80,28400,3.53,7,8.5,10,0.0005,0.0005,251,0.06,1.1,6,0.002,62,53,0.005,0.05,1.2,9.4,0.005,1.5,120,70.85,1.6,50,0.0032814,5,250,99.98,0.25,0.25,0.005,3,3.9,602,0.35,0.9,18.2,0.5,1.8,1.3,19.3,58,0.009,2.5,4830,13.71,0.2,0.25,0.003,1.5,27.2,560,0.13,0.013,0.001,0.25,1340,20000,3.03,0.017,25,0.001,4.1,9,1.9,7.4,42,0.5,19.5,0.7,0.0005,0.000001,7660,23100,2.94,3,0.01,0.5,0.0025,1200,2.11,7.7,14,8.8,1.12,0.18,39.17,2370,1.13,110,0.05,0.3,0.5,60,26100,3.75,9,7.4,10,0.0005,0.0005,222,0.06,1.5,6,0.002,56,21,0.005,0.05,1.2,7.8,0.021,1.5,200,70.72,1.7,50,0.001,3.7,250,98.92,0.25,0.25,0.006,5,4.4,498,0.3,0.25,15.7,0.5,1.8,1.2,17,75,"950819  ","MLRJARP",150,35,"FIN","FLAT","FLAT","TOPTER","MD","P.",12,16,"NO","NO","CR.LINMO","HSDC","M10",1.7,"1.0_3.0",6,1.2,"FLUV",,-9999,-9999,5,-9999,22,-9999,40,"MIX",8,1,71,1,20,0.0113137084989848,0.017,133.102452929232,0.0494974746830585,13.675,0.72391187836283,0.000707106781186547,0.0025,56.5685424949238,21.2132034355964,545,7.78466181122805
503,277,451619.8,7653957,0.007,2.5,6990,12.3,0.3,1,0.004,1.5,40.5,560,0.16,0.024,0.001,1.8,2400,30000,3.47,0.027,25,0.0024096,10.5,20,1.9,110,290,0.5,23.5,0.7,0.0005,0.000001,15700,37600,4.49,3,0.02,0.5,0.0025,1300,1.62,8.7,12,4.7,1.22,0.2,32.05,6170,3.26,129,0.06,0.1,0.5,160,30200,3.51,10,47.5,70,0.0005,0.0005,388,0.07,1.2,6.1,0.002,71,14,0.023,0.05,2.1,15,0.061,1.5,80,68.32,1.9,50,0.001,10.1,250,98.72,0.25,0.25,0.011,4,3,722,0.39,1.2,35.6,2,2.5,1.1,14.5,66,0.009,2.5,6090,12.07,0.4,0.25,0.007,1.5,44.7,630,0.14,0.015,0.001,0.25,1730,30000,3.17,0.028,28,0.001,8.9,21,1.8,83.8,270,0.5,20.3,0.8,0.0005,0.000001,13000,41500,3.79,3,0.01,0.5,0.0025,1200,1.67,8.2,15,4.5,1.07,0.17,37.29,5310,2.63,122,0.05,0.1,0.5,120,28700,3.55,15,40,10,0.0005,0.0005,307,0.06,1.3,6.2,0.002,39,10,0.005,0.05,1.7,14,0.057,1.5,110,70,2.4,50,0.001,8.1,250,98.38,0.25,0.25,0.022,4,3.7,601,0.32,1.2,28.8,0.5,2.1,1.5,13,25,"950718  ","JARR",230,35,"FIN","NW","PLAIN","CONVMED","MD","P.BI",11,6,"S",,"LIN.CR.LI","HSDC","M10",0.4,"0.1_1.0",10,0.4,"FLUV",,-9999,-9999,3,-9999,12,-9999,35,"MIX",15,1,68,1,6,0.00141421356237309,0.008,35.3553390593274,0.162634559672906,12.185,2.66942239922702,0.00212132034355964,0.0055,77.138921583987,49.4974746830583,595,16.6378066161541
426,291,786258.3,7573949,0.005,2.5,9520,14.66,0.2,0.25,0.001,1.5,41.3,390,0.18,0.014,0.001,6.1,2260,20000,3.77,0.029,31,0.0028148,7.2,13,3.7,24.9,120,1,16.5,0.9,0.0005,0.000001,11200,30000,3.87,5,0.01,0.5,0.0025,1500,1.4,9.1,16,6.1,1.57,0.15,33.15,3410,1.83,120,0.07,0.1,0.5,270,28200,3.66,11,25.3,10,0.0005,0.0005,347,0.08,1.4,5.7,0.002,44,42,0.005,0.05,1.9,10,0.022,1.5,120,68.32,2.3,50,0.0140144,12.3,250,99.62,0.25,0.25,0.0015,1.5,3.6,714,0.4,0.25,24.8,0.5,2.6,1.3,17.5,99,0.006,2.5,14300,15.41,0.3,0.25,0.006,1.5,57.8,540,0.29,0.022,0.001,8.4,2610,20000,3.74,0.031,34,0.002714,7.6,14,3.4,32.7,95,0.5,19.9,1,0.0005,0.000001,14600,30500,4.13,4,0.01,0.5,0.0025,1800,1.51,13.3,20,8.6,2.39,0.18,35.04,4470,1.84,154,0.06,0.1,5,320,27700,3.79,16,24.5,10,0.0005,0.0005,325,0.08,1.8,5.6,0.002,40,43,0.021,0.05,2.8,10,0.012,1.5,270,66.31,2.7,50,0.0092506,13.2,250,99.71,0.25,0.25,0.0015,5,4.1,1060,0.44,0.25,34.6,0.5,3.9,1.3,24.6,105,"950621  ","Smirnov",240,36,"RUS","SE","SLOPE","LOWBRMED","MD",".SPBI.PI",-9999,-9999,"NO","NO","C.B.L","HSDC","M8",5,"2_7",5,3,"TILL",,,,3,,7,,22,"DRY",20,2,512,3,20,0.000707106781186548,0.0055,25.712973861329,0.530330085889911,15.035,7.05460706205402,0.00353553390593274,0.0035,202.030508910442,106.066017177982,465,45.619792334616
661,292,810466.7,7492623,0.008,2.5,7470,13.85,0.4,0.25,0.001,1.5,39.7,580,0.22,0.016,0.001,2.7,2330,30000,3.81,0.025,36,0.001,5.3,12,2.2,23.3,160,0.5,15.8,1,0.0005,0.000001,9380,30000,3.7,6,0.01,0.5,0.0025,1100,1.58,10.3,18,6.2,1.23,0.25,30.12,3060,1.71,153,0.07,0.1,0.5,200,31200,3.7,11,15.9,10,0.0005,0.0005,420,0.1,1.2,5.9,0.002,78,14,0.012,0.05,1.8,11,0.024,1.5,170,69.74,2.6,50,0.0041712,14.6,250,99.95,0.9,0.25,0.004,5,4.4,646,0.45,1,20.1,0.5,2.9,1.5,15.4,73,0.011,2.5,7060,13.78,0.4,0.7,0.001,1.5,37,570,0.23,0.023,0.001,3,2910,30000,3.73,0.023,40,0.001,5.3,11,2,23,120,0.5,14.6,0.9,0.0005,0.000001,9850,26800,3.52,5,0.01,0.5,0.0025,900,1.57,12.2,17,6.1,1.06,0.2,31.41,2970,1.54,157,0.06,0.1,0.5,230,29700,3.82,15,13.5,10,0.0005,0.0005,435,0.1,1.5,5.7,0.002,54,17,0.019,0.05,2,9.6,0.012,1.5,180,70.74,2.3,50,0.0039098,16.1,500,100.33,0.25,0.25,0.006,5,4.3,711,0.41,0.25,22,0.5,3.7,1.4,16,77,"950628  ","Smirnov",140,36,"RUS","FLAT","FLAT","FLAT","MD",".PIBI.",10,6,"S",".BI.","L.H.BM","PSSC","M8",1.5,"0,5_2",12,1.5,"FLUVG",,,,3,,19,,40,"MIX",12,2,513,0,1,0.00212132034355964,0.0095,44.6593756538872,0.0494974746830585,13.815,0.716575818792016,0,0.001,0,7.07106781186548,575,2.45950184760538
316,301,677413.7,7710985,0.015,2.5,4930,13.06,0.5,2.3,0.006,1.5,19.7,510,0.13,0.032,0.001,3.6,2080,20000,3.01,0.027,36,0.0065972,4.1,10,2.5,15.6,60,0.5,11.3,1.1,0.0030654,0.000001,8970,27300,3.67,5,0.01,0.5,0.0025,800,1.39,10.7,19,4.6,0.85,0.29,33.87,2190,1.37,85.7,0.06,0.1,0.5,160,28600,3.48,16,10.8,10,0.0005,0.0005,399,0.09,1.7,5.5,0.002,35,27,0.005,0.05,1.8,10,0.022,1.5,230,72.85,2.7,50,0.003735,5.7,250,100.32,0.25,0.25,0.0015,5,4.5,588,0.5,0.25,20.3,0.5,3.5,1.8,13.5,89,0.017,2.5,7610,13.5,0.6,0.25,0.001,1.5,20.9,430,0.17,0.06,0.001,6.3,2710,20000,3.39,0.022,41,0.0046748,4.3,9,3.7,20.8,64,0.5,10,1.3,0.0005,0.000001,10700,27900,4.09,7,0.01,0.5,0.0025,700,1.24,12.6,20,4.4,1.39,0.34,38.16,2730,1.54,100,0.06,0.1,0.5,240,26800,3.48,16,10.6,10,0.0005,0.0005,463,0.1,1.6,5.3,0.002,35,47,0.031,0.05,2.6,11,0.064,1.5,290,70.34,2.9,50,0.008012,7.5,250,99.71,0.7,0.25,0.02,6,5,783,0.58,1.4,26.9,0.5,4.9,2,13.2,71,"950820  ","Smirnov",180,36,"RUS","FLAT","SLOPE","TOP","S","BI..",3,0,"S","BI..","C.L.BGM","PS","M6",1,"0,5_3",7,1,"FLUVG",,,,5,,15,,25,"RAIN",6,1,503,0,21,0.0014142135623731,0.016,17.6776695296637,0.311126983722081,13.28,4.68564734521206,0.00353553390593274,0.0035,202.030508910442,56.5685424949238,470,24.0717202106059
341,310,393750,7779400,0.006,2.5,5510,10.38,0.8,0.25,0.003,1.5,25.4,520,0.17,0.036,0.001,0.25,2110,10000,1.75,0.023,36,0.001,5.5,7,2.9,11,31,0.5,7.7,0.9,0.0005,0.000001,10800,17800,2.54,6,0.01,0.5,0.0025,1400,1.98,12,18,4.8,1.33,0.29,32.89,2130,0.76,210,0.04,0.1,6,80,19500,2.8,16,7.9,10,0.0005,0.0005,466,0.08,4.8,5.5,0.002,50,20,0.036,0.05,1.5,5.9,0.032,1.5,150,77.69,2.7,50,0.0029922,14.2,250,99.84,0.25,0.25,0.004,6,4.8,743,0.48,0.25,14.5,0.5,5.7,2.1,18.1,25,0.008,2.5,5280,10.36,0.8,1.7,0.001,1.5,24,600,0.18,0.043,0.001,2.8,1970,20000,1.77,0.021,47,0.001,5,8,2.3,14.7,51,1,9.8,1.1,0.0005,0.000001,11100,23600,2.82,8,0.01,0.5,0.0025,1400,1.99,13.3,25,4.8,1.06,0.36,32.47,2300,0.9,154,0.04,0.1,0.5,80,23400,2.81,20,8.9,10,0.0005,0.0005,391,0.08,4.4,5.9,0.002,58,14,0.039,0.4,1.5,7.8,0.005,1.5,170,77.08,3.4,50,0.001,14,250,99.41,0.7,0.7,0.0015,6,5.8,773,0.51,1.4,15.8,0.5,5.6,2.5,14.9,58,"950716  ","CRPCTF",285,35,"NOR","NE","PLAIN","FLAT","MD","BI",2.5,0,"S","BI","C.B.GML","HSSC","M10",4,"3_12",5,3,"TILL",,,,4,,30,,52,"DRY",14,1,223,0,10,0.0014142135623731,0.007,40.4061017820884,0.0141421356237319,10.37,0.272750928133691,0.0014142135623731,0.002,141.42135623731,56.5685424949238,560,20.2030508910442
721,311,764711.3,7568026,0.015,2.5,14900,15.55,0.4,0.25,0.006,1.5,72.2,850,0.79,0.014,0.001,13,2670,40000,3.48,0.018,58,0.0022902,3.5,10,3.3,16.1,100,0.5,9.9,1.4,0.0005,0.000001,7840,31600,3.82,7,0.01,0.5,0.0025,1300,2.29,16.1,31,3.8,2.54,0.23,33.65,2110,1.46,116,0.09,0.1,0.5,1850,34600,4.13,27,10.2,10,0.0005,0.0005,420,0.1,1.2,5.9,0.002,69,51,0.005,0.05,1.4,9.4,0.038,1.5,200,65.23,3.7,50,0.0082072,118,250,99.21,2.7,0.25,0.0015,4,5,737,0.53,1.2,18,0.5,4.6,1.5,15.6,25,0.007,2.5,12800,15.08,0.4,0.25,0.001,1.5,73.3,530,0.79,0.062,0.001,5.3,3410,30000,3.91,0.019,50,0.0030976,4.3,11,3,16.9,110,0.5,11.4,1.4,0.0005,0.000001,8240,31700,4.06,7,0.01,0.5,0.0025,1400,1.95,17.8,28,5.2,1.88,0.25,35.18,2760,1.74,157,0.09,0.1,0.5,1340,32400,3.99,18,11.9,10,0.0005,0.0005,471,0.11,1.3,6.3,0.002,71,29,0.041,0.05,1.6,9.6,0.086,1.5,450,66.77,3.3,50,0.006049,112,800,100.1,2.2,0.25,0.055,5,3.9,719,0.52,1.6,18.6,0.5,4.4,1.7,16.4,75,"950718  ","Smirnov",160,36,"RUS","FLAT","PLAIN","FLAT","MD",".PIBI.SP",13,7,"MD","..WIBI","C.BM.HGL","HSSC","D6",5,"4_6",10,5,"FLUVG",,,,6,,30,,62,"DRY",17,2,512,3,20,0.00565685424949238,0.011,102.851895445316,0.332340187157678,15.315,4.34006121002517,0.00353553390593274,0.0035,202.030508910442,226.274169979695,690,65.5867159361435
725,318,538800,7818200,0.012,2.5,14800,14.91,1.5,3.5,0.001,1.5,42.2,670,0.7,0.121,0.001,6.9,1490,5000,0.8,0.039,110,0.0027976,17,18,3.9,48.9,110,3,33.5,1.8,0.0005,0.000001,40100,47600,6.65,8,0.03,0.5,0.0025,1000,2.88,26.4,53,28.1,3.28,0.59,37.93,10500,2.29,486,0.08,0.1,4,80,17300,2.15,41,44.5,10,0.0005,0.0005,453,0.1,11,5.6,0.002,120,26,0.048,0.5,3.6,14,0.053,1.5,130,65.89,6.7,50,0.003882,7.9,250,99.85,0.25,0.8,0.008,16,14,787,0.82,2.1,36.7,0.5,13.7,3.8,68.7,80,0.013,2.5,13400,14.78,1.4,0.25,0.004,1.5,57,590,0.79,0.131,0.001,5.1,1990,10000,0.95,0.037,100,0.002587,14.5,16,3.7,44.5,96,3,41.2,2,0.0005,0.000001,36800,46100,6.51,8,0.02,0.5,0.0025,1000,2.87,26.9,55,28,2.92,0.66,34.06,10100,2.22,445,0.07,0.1,0.5,70,17300,2.23,45,42.2,10,0.0005,0.0005,546,0.12,11.8,6,0.002,120,22,0.069,0.4,3.4,14,0.026,1.5,150,66.17,7.2,50,0.001,12.7,250,99.66,1.6,0.9,0.025,14,14,656,0.81,3.9,32.1,0.5,15.3,4,67.3,117,"950723  ","CRTF",90,35,"NOR","SE","LOWMO","CONVLOW","MD","BI",2.5,0,"MD","BI","C.BML.GO","PSDC","M10",7,"5_",5,3,"TILL",,,,11,,22,,36,"RAIN",10,1,68,3,10,0.000707106781186547,0.0125,11.3137084989848,0.0919238815542517,14.845,1.23844906102057,0.00212132034355964,0.0025,169.705627484771,56.5685424949238,630,17.958267458706
379,327,767356.3,7459077,0.015,2.5,17900,19.26,0.3,0.25,0.001,1.5,20.2,340,0.12,0.006,0.001,2.5,8500,60000,7.6,0.019,14,0.001,6.1,17,2.6,15.1,64,0.5,36.9,0.8,0.0005,0.000001,8210,28300,4.85,1,0.01,0.5,0.0025,300,0.87,2.6,6.3,6.4,1.8,0.11,33.17,4370,2.55,75.3,0.07,0.1,0.5,900,29900,3.34,6,30.5,66,0.0005,0.0005,157,0.06,0.8,6.4,0.002,40,12,0.005,0.05,1.2,7.7,0.022,1.5,240,59.12,1.1,50,0.0021658,32.1,250,99.97,0.25,0.25,0.0015,1.5,1.3,261,0.44,0.25,15,0.5,0.9,0.7,14.4,78,0.025,2.5,25600,19.12,0.5,0.25,0.004,1.5,38,410,0.18,0.019,0.001,6.5,8370,50000,6.31,0.028,23,0.001,6.5,17,4.1,18.2,87,0.5,29.9,0.9,0.0005,0.000001,9430,33900,4.37,4,0.01,0.5,0.0025,500,1.01,4.5,9,7.1,2.81,0.18,31.68,4200,2.28,98.2,0.06,0.1,0.5,1290,28100,3.5,12,24.6,10,0.0005,0.0005,420,0.1,1.1,5.9,0.002,25,28,0.005,0.05,1.7,10,0.013,1.5,450,59.63,1.7,50,0.0034138,33.8,250,99.67,0.9,0.25,0.0015,1.5,1.7,548,0.47,0.25,19.1,5,2.2,1.2,16.2,78,"950706  ","Smirnov",100,36,"RUS","FLAT","PLAIN","FLAT","MD","PI..SPBI",7,15,"S",".BI.","L.BO.CM","HSSC","M7",3,"1,5_5",7,3,"FLUVG",,,,1.5,,5,,23,"DRY",15,2,512,5,32,0.00707106781186548,0.02,70.7106781186548,0.098994949366117,19.19,1.03173475107991,0.00212132034355964,0.0025,169.705627484771,49.4974746830583,375,26.3986531642978
373,343,502099.2,7630117,0.013,2.5,27100,17.13,1.6,0.25,0.007,1.5,151,930,1.01,0.033,0.001,3.5,1390,20000,2.29,0.032,96,0.001,12.2,14,3.7,52,110,0.5,30.7,1.9,0.0005,0.000001,31600,43900,6.07,8,0.02,0.5,0.0025,3000,2.65,28.9,57,10.2,3.18,0.47,33.75,7430,1.94,210,0.06,0.5,13,180,18300,2.48,45,33.1,10,0.0005,0.0005,403,0.11,4.2,6.2,0.002,72,35,0.012,0.2,7,14,0.082,1.5,200,62.51,6.7,50,0.0055554,20.8,250,99.12,0.25,0.9,0.023,15,13,1520,0.71,1.5,67.7,0.5,11.6,3.1,51.4,120,0.013,2.5,25600,17.34,1.7,0.25,0.006,1.5,143,900,0.96,0.026,0.001,0.25,1410,20000,2.33,0.031,95,0.001,12.1,14,3.8,50.5,100,0.5,28.4,2,0.0005,0.000001,30500,41900,6.23,9,0.01,0.5,0.0025,2900,2.65,29.8,57,10.1,3.14,0.49,31.92,7220,2,215,0.06,0.7,0.5,190,19000,2.48,43,31.4,10,0.0005,0.0005,394,0.11,4.6,6.1,0.002,71,35,0.016,0.05,6.8,14,0.064,1.5,220,62.73,6.8,50,0.0070902,19.8,250,99.83,0.25,0.9,0.018,16,13,1470,0.74,0.25,65.1,0.5,11.2,3,47,108,"950720  ","MLRJSRR",190,35,"FIN","NE","PLAIN","CONVLOW","S","P.BI",15,9,"NO","NO","B.CRGRMARMO.LI","HSDC","D10",2,"1.0_3.0",10,1,"FLUV",,-9999,-9999,4,-9999,15,-9999,30,"DRY",12,1,71,6,31,0,0.013,0,0.148492424049176,17.235,1.72314968435365,0.000707106781186548,0.0065,21.7571317288168,21.2132034355964,915,4.63676577827244
451,368,463694.8,7598600,0.008,2.5,21000,14.98,0.7,0.25,0.004,1.5,96.2,740,0.41,0.038,0.001,4,2300,20000,3.26,0.045,69,0.0025098,12.6,16,3.2,43.8,120,0.5,31.8,1.6,0.0005,0.000001,24600,53400,7.41,7,0.02,0.5,0.0025,1300,1.72,21.8,37,5.6,2.86,0.56,33.47,5140,2.63,199,0.1,0.2,3,200,17500,2.29,32,27.4,43,0.0005,0.0005,373,0.09,3.5,6.6,0.002,56,38,0.016,0.05,6.8,22,0.13,1.5,180,63.91,5.1,50,0.005976,10.5,250,99.99,0.25,0.9,0.024,8,8.9,1200,0.72,1,54.8,0.5,10.1,3.4,36.6,124,0.008,2.5,20400,14.67,0.8,0.25,0.007,1.5,93.1,900,0.39,0.031,0.001,5.4,2340,20000,3.09,0.052,68,0.001,11.9,18,3.2,41.3,110,0.5,30.8,1.6,0.0005,0.000001,23300,51600,7.06,6,0.03,0.5,0.0025,1300,1.71,20.5,35,5.6,3.17,0.51,33.44,4950,2.56,200,0.09,0.2,0.5,200,17800,2.12,30,25.2,53,0.0005,0.0005,357,0.09,2.1,6,0.002,61,40,0.017,0.05,6.5,22,0.127,1.5,190,64.03,4.8,50,0.004805,10.8,250,99.28,0.25,0.8,0.02,9,8.4,1170,0.7,0.25,52.3,0.5,7.7,3.3,36.5,114,"950724  ","MAVG",309,35,"FIN","S","FLAT","FLAT","MD","BI.PBET.JUN",8,7,"MD","JUN","MO.BCRJUO","HSSC","-9999",-9999,"-9999",5,2.5,"FLUV",,,-9999,4,,12,,40,"MIX",12,1,71,4,32,0,0.008,0,0.21920310216783,14.825,2.95720879821693,0.00212132034355964,0.0055,77.138921583987,113.137084989848,820,27.5944109731336
431,395,650230.2,7485217,0.004,2.5,22400,14.83,0.8,0.25,0.001,1.5,83.8,380,0.38,0.104,0.001,5.9,850,20000,2.59,0.033,28,0.001,11.6,12,3.3,54,120,2,23.1,0.7,0.0005,0.000001,19700,28200,4.06,4,0.03,0.5,0.0025,2500,1.41,13.1,15,29.8,3.34,0.14,35.84,5690,1.56,173,0.05,0.2,0.5,90,23300,3.09,15,34.1,10,0.0005,0.0005,167,0.05,3.2,5.7,0.002,58,45,0.014,0.05,3.8,9.2,0.098,1.5,150,68.46,1.9,50,0.0065268,5.8,250,99.91,0.25,0.25,0.011,9,4.2,1340,0.47,1.3,44,0.5,3.1,1.1,40.4,69,0.011,2.5,15500,13.29,0.7,0.25,0.001,3,50,400,0.28,0.063,0.001,5,950,20000,2.58,0.019,25,0.001,7.2,11,3.3,32.3,97,2,13.9,0.8,0.0005,0.000001,14300,26200,3.12,4,0.02,0.5,0.0025,1500,1.15,8.2,12,18.8,2.51,0.2,32.76,4030,1.22,107,0.04,0.1,0.5,100,26500,3.36,10,21.5,10,0.0005,0.0005,154,0.04,1.4,5.4,0.002,43,40,0.005,0.05,2.7,8.4,0.075,1.5,130,71.65,1.8,50,0.0053308,5,250,99.31,0.25,0.25,0.004,5,3.5,1030,0.36,0.25,31.6,0.5,2.6,1,28.4,72,"950813  ","Smirnov",285,36,"RUS","E","SLOPE","LOWBRLOW","MD","BI.SP.",5,2,"S","..WI","M.O.BCGL","HSDR","M5",2,"2_3",6,2,"TILL",,,,7,,23,,32,"DRY",18,2,512,1,1,0.00494974746830583,0.0075,131.993265821489,1.08894444302728,14.06,15.4899636276996,0,0.001,0,14.142135623731,390,7.25237724293895
618,458,527338.8,7419504,0.001,2.5,4660,9.35,0.3,0.25,0.001,1.5,13.5,410,0.15,0.012,0.001,2.2,760,20000,1.54,0.014,22,0.001,3.7,8,3,23.4,90,0.5,4.6,0.4,0.0005,0.000001,10600,22500,2.93,2,0.01,0.5,0.0025,500,1.89,5.5,13,3.7,1.27,0.15,32.37,1800,0.99,82,0.04,0.1,0.5,60,21200,2.45,10,10.9,10,0.0005,0.0005,184,0.05,0.8,5.9,0.002,47,15,0.005,0.05,1,6.5,0.017,1.5,180,78.34,1.4,50,0.001,2.7,250,99.22,0.9,0.25,0.0015,3,5.5,316,0.36,1.3,25,0.5,2.1,0.8,9.2,25,0.004,2.5,5320,9.82,0.3,0.25,0.001,1.5,12.6,390,0.17,0.018,0.001,2.5,820,5000,1.63,0.018,19,0.001,3.6,8,2.8,29.2,79,0.5,4.7,0.5,0.0005,0.000001,8600,22000,2.47,2,0.01,0.5,0.0025,500,2.05,5.9,11,3.1,1.45,0.15,34.68,1870,1.14,96.2,0.03,0.1,0.5,60,18600,2.47,8,9,69,0.0005,0.0005,214,0.05,1.4,5.9,0.002,44,21,0.005,0.05,1.1,6.4,0.021,1.5,430,78.04,1.3,50,0.003244,2.1,250,99.42,0.25,0.25,0.0015,3,4.7,377,0.28,1,19.1,0.5,1.8,0.8,7.4,25,"950629  ","RPVM",200,35,"FIN","NE","PLAIN","CONVLOW","MD","P.BI.S",19,15,"NO","NO","B.LINMAR","HSSC","M10",4.5,"2.0_7.0",6,4.5,"FLUV",,,,13,,31,,51,"MIX",12,3,65,3,51,0.00212132034355964,0.0025,169.705627484771,0.332340187157678,9.585,6.93458919473506,0,0.001,0,14.142135623731,400,7.07106781186548
502,461,742425,7639655,0.01,2.5,4460,14.24,0.05,0.7,0.001,1.5,46.8,540,0.11,0.01,0.001,4.4,3400,20000,4.22,0.018,37,0.001,4.6,12,2.2,22.7,140,0.5,8.7,1.2,0.0005,0.000001,10500,31000,4.71,5,0.03,0.5,0.0025,1100,1.37,10.6,18,3.1,0.58,0.21,38.75,2590,1.95,102,0.08,0.1,0.5,260,35500,4.09,11,17.6,10,0.0005,0.0005,780,0.17,0.8,6,0.002,7.5,21,0.014,0.05,1.6,11,0.016,1.5,90,67.84,3.1,50,0.0024328,19.1,250,99.82,0.25,0.25,0.0015,3,2.8,549,0.57,1.2,21.9,0.5,3.6,1.5,11.9,25,0.006,2.5,5900,14.34,0.2,0.25,0.002,1.5,43.2,600,0.13,0.012,0.001,6.5,3550,40000,4.35,0.023,32,0.002446,6.1,13,2.3,27.6,130,0.5,8.7,1.2,0.0005,0.000001,12200,33100,4.87,5,0.01,0.5,0.0025,1100,1.32,10.6,18,4,1,0.23,34.95,3930,2.14,124,0.08,0.1,0.5,270,29200,4.18,15,27.9,92,0.0005,0.0005,845,0.17,1.1,5.8,0.002,41,29,0.005,0.05,1.9,11,0.029,1.5,150,66.62,3,50,0.0032938,20.6,800,99.65,0.25,0.25,0.004,1.5,2.6,596,0.58,0.25,24,0.5,3.7,1.5,14.1,25,"950818  ","Smirnov",160,36,"RUS","E","SLOPE","LOWBRMED","MD","BI..SP",7,5,"S","..WIRO","B..CGML","HSSC","M6",3,"2_4",6,2,"TILL",,,,5,,26,,40,"DRY",15,1,511,0,20,0.00282842712474619,0.008,70.7106781186547,0.0707106781186545,14.29,0.989652597881798,0.000707106781186547,0.0015,94.2809041582063,42.4264068711929,570,14.8864585512957
741,468,599609.3,7526860,0.028,2.5,24700,14.41,1.5,2.1,0.003,1.5,152,740,1.76,0.135,0.001,0.25,6040,40000,2.83,0.049,210,0.001,15.4,20,3.7,51.7,160,1,30.2,4.5,0.0005,0.000001,36000,49300,6.8,8,0.04,0.5,0.0025,700,1.95,112,120,15.4,3.64,0.45,33.9,6060,2.31,883,0.15,0.3,5,210,25200,3.22,88,43.1,160,0.0005,0.0005,3250,0.66,7.8,5.7,0.002,61,35,0.074,0.2,7.2,16,0.084,1.5,120,62.44,13,50,0.0084548,74.9,250,99.2,6.8,1.2,0.023,32,25,882,0.8,4.5,57.8,0.5,24,3,61.3,109,0.014,2.5,25000,14.26,1.5,2.1,0.001,1.5,162,620,1.75,0.142,0.001,0.25,6000,5000,2.75,0.058,190,0.001,15.1,18,3.4,51.7,130,1,30.4,4,0.0005,0.000001,33300,46900,6.69,7,0.05,0.5,0.0025,600,1.98,113,110,15.2,3.86,0.37,34.62,6270,2.28,755,0.14,0.3,7,210,23800,3.36,71,43.6,10,0.0005,0.0005,3140,0.6,1.5,6.2,0.002,39,29,0.035,0.05,7.1,15,0.079,1.5,180,63.1,12,50,0.0075352,81.4,250,99.81,7.2,1.7,0.022,31,22,853,0.78,4.5,52.5,0.5,23.9,2.3,61.4,90,"950815  ","RPAV",260,35,"FIN","N","PLAIN","CONCLOW","MD","P.BIJUN",19,22,"NO","NO","B.CRCHMO.LIN","HSDR","M10",4,"2.0_6.0",10,1,"TILL",,,,3,,32,,53,"DRY",17,1,510,2,81,0.00989949493661167,0.021,94.2809041582063,0.106066017177982,14.335,1.4798188654061,0.0014142135623731,0.002,141.42135623731,84.8528137423857,680,24.9567099242311
606,477,746255,7524197,0.006,2.5,7460,13.84,0.5,0.25,0.003,1.5,49.1,450,0.15,0.023,0.001,4.3,2870,50000,5.2,0.039,39,0.001,8,23,2.9,29.3,180,1,40.2,1.1,0.0005,0.000001,12900,57800,7.59,9,0.01,0.5,0.0025,1800,1.46,15.1,19,7.4,1.32,0.45,34.9,3570,3.09,130,0.11,0.1,0.5,160,25900,3.01,13,22.2,10,0.0005,0.0005,716,0.17,1.7,5.5,0.002,66,27,0.005,0.05,1.9,20,0.053,1.5,110,62.63,3.4,50,0.0062652,7,250,99.29,1.1,0.6,0.005,13,5.6,893,0.88,1.3,27.8,0.5,4.1,2.9,19,123,0.003,2.5,11200,14.04,0.5,0.25,0.001,3,54.6,460,0.19,0.013,0.001,7.6,3430,30000,4.85,0.034,35,0.0036476,8.2,19,3.7,30.1,130,0.5,42.8,1,0.0005,0.000001,15200,48000,6.5,6,0.03,0.5,0.0025,1600,1.48,12.3,16,8.2,1.95,0.36,32.04,4210,2.76,145,0.1,0.1,2,250,26100,3.28,14,26.8,77,0.0005,0.0005,677,0.14,1.5,5.6,0.002,54,54,0.005,0.05,2.6,15,0.08,1.5,170,63.02,2.9,50,0.008978,8.7,250,98.82,0.25,0.25,0.006,5,3.4,1010,0.71,1.3,32.6,0.5,5,2.3,23.1,133,"950624  ","Smirnov",260,36,"RUS","S","LOWMO","UPBRMED","S",".BI.SP",3,0,"S","..WIJU","B..CH","-9999","M8",2,"1_3",8,2,"TILL",,,,7,,22,,37,"MIX",10,2,512,3,6,0.00212132034355964,0.0045,94.2809041582063,0.141421356237309,13.94,2.02900080684805,0.0014142135623731,0.002,141.42135623731,7.07106781186548,455,3.10816167554526
580,486,504898,7744819,0.006,2.5,7850,13.26,0.2,0.25,0.002,1.5,29.6,360,0.14,0.016,0.001,6.1,1110,10000,2.6,0.026,27,0.001,3.2,8,2.8,14.7,71,0.5,6.8,0.8,0.0005,0.000001,10800,33000,5.56,4,0.01,0.5,0.0025,500,1.09,9.8,15,4.5,2.19,0.4,30.36,2150,2.13,83.5,0.09,0.1,6,100,22600,2.83,14,7.7,10,0.0005,0.0005,238,0.06,1.3,5.8,0.002,41,39,0.005,0.05,2.1,14,0.035,1.5,100,70.11,2.5,50,0.00444,4.3,250,100.45,0.25,0.25,0.006,4,3.4,516,0.52,0.25,25.4,0.5,2.9,2.5,19.7,91,0.007,2.5,9700,13.35,0.3,0.8,0.001,1.5,37.4,490,0.16,0.012,0.001,5.7,1030,10000,2.46,0.032,38,0.001,5.3,12,2.6,16.2,86,0.5,10.2,0.9,0.0005,0.000001,15300,44500,6.68,6,0.01,0.5,0.0025,700,1.06,9.8,21,5.4,2.39,0.48,37.28,2420,2.31,135,0.11,0.1,0.5,90,22900,2.62,10,9.6,10,0.0005,0.0005,273,0.06,1.8,5.5,0.002,7.5,42,0.015,0.05,2.2,18,0.086,1.5,150,68.22,3.2,50,0.0025206,4.5,250,99.83,0.25,0.25,0.012,6,6,529,0.57,1.7,29.9,0.5,3.2,3.4,26.4,25,"950802  ","JARR",290,35,"FIN","FLAT","PLAIN","TER"," MD","BI",2,0,"MD","BET","CR.B.LI","-9999","M10",1.7,"1.0_3.0",5,5,"TILL",,-9999,-9999,4,-9999,11,-9999,40,"MIX",12,1,68,1,51,0.000707106781186547,0.0065,21.7571317288168,0.0636396103067892,13.305,0.956626986949104,0.000707106781186547,0.0015,94.2809041582063,91.9238815542512,425,43.2582972020006
673,505,633670.8,7520183,0.028,2.5,6290,14.1,0.4,0.25,0.001,1.5,24.5,590,0.14,0.05,0.001,2.5,1920,20000,3.78,0.028,21,0.001,3.9,11,2.1,22.7,130,1,5.1,0.8,0.0005,0.000001,7200,26200,3.52,4,0.01,0.5,0.0025,800,1.46,9.7,12,8.9,1.1,0.17,33.93,2170,1.81,76.2,0.06,0.1,0.5,100,30800,4,9,19.2,10,0.0005,0.0005,638,0.14,1.3,5.8,0.002,42,18,0.005,0.05,1.3,9.4,0.005,1.5,120,69.8,1.9,50,0.0027214,10.9,250,100.15,0.9,0.25,0.004,4,2.9,462,0.37,1.1,14.2,0.5,2.6,1.1,15.4,80,0.014,2.5,5060,13.24,0.4,0.25,0.001,1.5,20,390,0.12,0.039,0.001,1.4,1920,30000,3.7,0.029,15,0.001,3.1,10,2,18.9,110,1,4,0.5,0.0005,0.000001,6230,22400,3.38,3,0.02,0.5,0.0025,600,1.35,8.6,9.2,7.5,0.9,0.15,39.38,1840,1.75,61.1,0.06,0.1,0.5,100,30700,3.94,7,16.7,73,0.0005,0.0005,618,0.13,1.2,6,0.002,52,16,0.005,0.05,1.1,9.2,0.015,1.5,90,70.8,1.5,50,0.001,9.8,250,99.57,0.25,0.25,0.004,1.5,2.1,404,0.34,0.25,12,0.5,2.6,1,16.3,25,"950804  ","Smirnov",115,36,"RUS","FLAT","SLOPE","TERR","MD","PI.BI.",9,14,"MD","BI..","O.B.CHMLO","HSSC","M4",2,"2_3",6,2,"FLUVG",,,,15,,24,,40,"MIX",15,1,510,2,1,0.00989949493661167,0.021,94.2809041582063,0.608111831820431,13.67,8.89702753212042,0,0.001,0,141.42135623731,490,57.7230025458406
590,526,600600,7612000,0.005,2.5,7300,17.32,0.2,0.25,0.001,1.5,58.7,730,0.13,0.008,0.001,4.1,2060,20000,4.2,0.021,70,0.002852,6.4,14,3.3,29.7,110,0.5,9.7,1.8,0.0005,0.000001,11600,42600,5.75,9,0.01,0.5,0.0025,1300,1.64,12.3,39,2.9,1.23,0.49,33.88,2370,2.49,63.2,0.07,0.2,0.5,180,23800,2.86,30,16,10,0.0005,0.0005,761,0.17,1.1,6,0.002,26,32,0.005,0.05,1.9,17,0.023,1.5,100,64.63,5.2,50,0.002329,7.3,250,100.94,0.25,0.7,0.004,5,6.6,707,0.58,0.25,42.1,0.5,6.5,3,17.9,83,0.006,2.5,7880,14.53,0.1,0.25,0.001,1.5,81.5,660,0.15,0.006,0.001,2.7,1550,20000,3.25,0.017,80,0.0031684,8.2,17,2.3,34.8,110,0.5,13.8,1.6,0.0005,0.000001,14600,51700,6.92,6,0.02,0.5,0.0025,1400,1.52,11.3,45,3.3,0.87,0.59,30.9,3380,2.74,88.1,0.08,0.1,0.5,190,21200,2.37,30,19.8,10,0.0005,0.0005,475,0.11,1.3,6.2,0.002,39,26,0.005,0.05,2.5,20,0.032,1.5,110,66.88,5.7,50,0.001,9.5,250,100.05,0.25,0.25,0.011,5,13,774,0.77,0.25,49.2,0.5,5.5,3.6,18,116,"950826  ","Smirnov",105,35,"RUS","E","PLAIN","UPBRLOW","MD","PI..SPBI",13,6,"S",".BI.","M.BL.GO","HSDC","M6",2,"1_4",7,2,"TILL",,,,3,,21,,39,"RAIN",10,1,510,1,31,0.000707106781186548,0.0055,25.712973861329,1.97282791951047,15.925,24.7764887850608,0,0.001,0,49.4974746830583,695,14.2438776066355
565,541,712659.5,7595521,0.008,2.5,12400,15.9,0.2,0.25,0.001,1.5,86.9,510,0.23,0.01,0.001,5.8,4060,50000,4.38,0.021,50,0.0023984,8.9,13,3.1,24.2,60,0.5,19.2,1.1,0.0005,0.000001,17400,30600,4.38,5,0.01,0.5,0.0025,3500,1.43,17.5,26,14.1,1.63,0.16,31.78,6250,1.89,181,0.06,0.1,0.5,290,36100,4.39,18,19.2,10,0.0005,0.0005,1010,0.21,1,6,0.002,57,53,0.016,0.2,2.5,10,0.035,1.5,120,65.13,3.4,50,0.00602,16.3,250,99.9,2.1,0.25,0.004,5,3.9,1380,0.51,0.25,34.2,0.5,2.6,1.3,37,126,0.009,2.5,13000,15.99,0.2,0.25,0.001,1.5,88.8,500,0.22,0.0025,0.001,6,2870,30000,4.29,0.022,38,0.001,9.3,12,5.1,23.7,54,0.5,22.4,0.8,0.0005,0.000001,18200,29400,4.51,4,0.03,0.5,0.0025,3000,1.38,16.6,22,13.6,1.98,0.14,33.94,6210,1.91,151,0.06,0.1,0.5,230,35000,4.21,15,20,10,0.0005,0.0005,738,0.16,,6.1,0.002,25,60,0.005,0.05,2.4,9.2,0.056,1.5,100,64.39,2.8,50,0.0216632,13.4,250,99.45,1.3,0.25,0.011,5,3.8,1530,0.56,0.25,36.1,2,2.4,0.8,37.1,100,"950731  ","Smirnov",140,36,"RUS","FLAT","PLAIN","TOP","MD","PI..BI",14,14,"S","..BI",".BO.ML","PSSC","M7",2,"1_3",10,2,"FLUVG",,,,5,,18,,38,"DRY",25,1,510,3,1,0.000707106781186547,0.0085,16.637806616154,0.0636396103067892,15.945,0.798239075657437,0,0.001,0,7.07106781186548,505,2.80042289578831
745,571,470552,7511776,0.009,2.5,23400,13.37,11.9,16,0.006,1.5,84,570,0.58,0.056,0.001,2.5,1160,20000,2.25,0.031,39,0.001,17.9,22,3.7,72.1,140,1,54.3,1.5,0.0005,0.000001,48900,56700,7.87,5,0.04,0.5,0.0025,600,1.7,16.3,22,10.4,3.81,0.41,30.94,7000,2.29,483,0.1,1.2,4,100,20600,2.78,21,40.3,10,0.0005,0.0005,334,0.08,3.8,6.3,0.002,46,68,0.346,0.8,9.2,19,0.201,1.5,130,64.5,3.9,50,0.0089954,8.5,250,99.77,1,0.8,0.014,10,5,2100,1.02,2.1,96.9,0.5,13,2.8,39.3,111,0.007,2.5,25300,13.25,8.7,13,0.001,3,70.5,570,0.58,0.066,0.001,0.25,1320,20000,2.2,0.026,47,0.001,18.5,25,3.7,77.9,170,2,54.5,1.4,0.0005,0.000001,49500,58000,8.08,5,0.04,0.5,0.0025,600,1.69,18.4,25,10.7,4.53,0.42,32.08,7530,2.33,491,0.1,1.1,0.5,110,22600,2.68,21,44.6,10,0.0005,0.0005,365,0.09,1.2,6,0.002,80,85,0.274,0.6,9.6,21,0.211,1.5,130,63.3,4.3,50,0.009943,9.8,250,99.27,0.25,0.25,0.01,11,6,2070,1.02,2.8,99.3,0.5,14.8,2.7,42.8,25,"950721  ","VGMA",262,35,"FIN","NE","FLAT","CONCLOW","D","S.BI.JUN",11,19,"S","JUN","B.MO.CRMAR","HSSR","D10",2.4,"1.5_3.5",5,2.2,"TILL&SAP",,,,9,,17,,41,"DRY",20,3,65,8,51,0.00141421356237309,0.008,35.3553390593274,0.0848528137423851,13.31,1.27502349725598,0.00353553390593274,0.0035,202.030508910442,0,570,0
770,576,525539.6,7554948,0.058,2.5,33100,16.26,1.3,1.8,0.001,1.5,91.4,880,0.38,0.044,0.001,13,420,5000,1.09,0.328,77,0.0058938,16.4,18,8.4,70.1,120,0.5,39,1.4,0.0005,0.000001,35800,50100,7.27,7,0.07,0.5,0.0025,1400,2.6,20.7,42,10.4,7.96,0.45,33.09,5280,2.08,176,0.06,2.1,0.5,70,10800,1.27,25,63.3,10,0.0005,0.0104682,271,0.07,31,5.2,0.002,80,185,0.038,0.05,4.4,16,0.219,1.5,400,60.48,4.8,50,0.0085196,7.1,250,99.9,0.25,0.25,0.036,12,10,1020,0.76,1.9,60.1,0.5,6,2.8,135,224,0.053,2.5,39800,16.14,1.2,1.8,0.004,1.5,89.6,680,0.36,0.041,0.001,13,580,5000,1.12,0.109,70,0.006778,15.3,17,8.7,54.4,120,0.5,40,1.2,0.0010734,0.000001,38200,47400,7.51,6,0.04,0.5,0.0025,1500,2.51,21.3,40,11,9,0.41,31.26,5510,2.12,187,0.06,0.5,0.5,90,10400,1.3,25,55.2,10,0.0005,0.006649,264,0.07,22.3,5.5,0.002,73,180,0.016,0.05,4.7,13,0.25,1.5,90,59.35,4,50,0.0069916,8.1,250,99.95,1.1,0.6,0.022,11,10,989,0.77,2.3,58.1,0.5,6.1,2.5,139,221,"950612  ","RPMLRJA",295,35,"FIN","NE","PLAIN","CONCMED","MD","P.S.BI",18,12,"S",,"CH.BLIN","HSSC","D10",2.5,"0.5_5.0",8,1,"TILL&SAP",,,,6,,23,,38,"DRY",13,3,65,9,31,0.00353553390593274,0.0555,12.7406627240819,0.0848528137423864,16.2,1.04756560175786,0.00212132034355964,0.0025,169.705627484771,141.42135623731,780,36.2618862146947
740,611,780360.6,7508507,0.007,2.5,20800,14.46,1.1,0.25,0.001,1.5,114,590,0.68,0.019,0.001,4.5,4100,30000,4.24,0.052,54,0.001,10.5,19,4.4,41.5,210,0.5,42.8,1.1,0.0005,0.000001,16900,44300,5.76,6,0.02,0.5,0.0025,1600,1.7,12,20,6.8,2.87,0.29,34.32,5150,2.95,236,0.1,0.1,8,780,26500,3.32,16,26.9,10,0.0005,0.0005,496,0.11,1.5,5.7,0.002,50,58,0.005,0.05,3.1,14,0.067,1.5,130,63.66,2.7,50,0.0189282,66.8,250,99.84,1.9,0.25,0.0015,6,4.2,1200,0.66,1.6,37.2,0.5,4.6,1.5,25.3,25,0.007,2.5,12900,14.24,0.6,0.25,0.001,1.5,91.7,590,0.64,0.018,0.001,3.5,3320,30000,4.23,0.034,64,0.001,7.2,17,3.5,32.6,200,0.5,30.9,1.1,0.0005,0.000001,13300,38100,5.46,6,0.02,0.5,0.0025,1300,1.79,13.2,21,5.5,2.05,0.26,37.6,4130,2.66,195,0.1,0.1,0.5,490,28600,3.4,16,21.5,10,0.0005,0.0005,478,0.11,1.5,5.8,0.002,48,23,0.005,0.05,2.3,14,0.028,1.5,120,64.86,2.8,50,0.0089392,54.2,250,99.52,1.5,0.25,0.005,9,3.9,875,0.62,1.8,28.3,0.5,4.7,1.6,21.8,94,"950615  ","Semenov",230,36,"RUS","NE","RIDGE","CONCLOW","MD","BI..SP",6,5,"S","..WIJU",".C.BGMLO","HSSC","D7",2.5,"1_5",8,2.5,"TILL",,,,3.5,,15,,29,"DRY",12,2,512,3,52,0,0.007,0,0.155563491861041,14.35,2.16813229074621,0,0.001,0,0,590,0
669,637,759403.1,7670582,0.004,2.5,6960,15.17,0.4,0.25,0.001,1.5,55.4,370,0.11,0.024,0.001,8.3,1630,30000,3.5,0.011,32,0.0030472,4.9,8,2.7,17.4,42,0.5,17,0.9,0.0005,0.000001,14500,24900,3.49,5,0.01,0.5,0.0025,2000,0.97,9.3,18,10.6,1.36,0.16,31.84,3140,1.02,95.4,0.05,0.1,0.5,120,33500,4.21,13,11.3,10,0.0005,0.0005,474,0.11,0.6,5.6,0.002,7.5,26,0.005,0.05,1.5,7.4,0.02,1.5,130,69.89,2.5,50,0.0046048,4.7,250,100.13,0.25,0.25,0.0015,4,3.4,730,0.37,0.25,31,0.5,2.3,0.9,26.3,25,0.004,2.5,8440,15.25,0.3,0.25,0.001,1.5,72.5,310,0.11,0.016,0.001,12,2020,20000,3.59,0.012,40,0.0041774,6.2,8,2.8,13.3,39,0.5,16.1,1.1,0.0005,0.000001,16400,28400,3.78,6,0.01,0.5,0.0025,2700,0.92,12.2,22,12.5,1.98,0.13,32.91,3990,1.05,124,0.05,0.1,0.5,130,32500,4.32,13,10.3,10,0.0005,0.0005,549,0.14,0.8,5.8,0.002,38,37,0.005,0.05,1.5,7.3,0.038,1.5,100,67.82,2.6,50,0.0033684,7.6,250,99.31,0.25,0.25,0.004,5,3.6,852,0.41,1.3,30.6,0.5,2.5,1,32.5,25,"950829  ","Smirnov",60,36,"RUS","E","SLOPE","LOWBRLOW","MD","PI..BI",3,0,"MD","..BI","H..BML","PSSC","M4",3,"2_4",4,3,"TILLSAP",,,,4,,53,,65,"MIX",10,1,506,0,4,0,0.004,0,0.0565685424949239,15.21,0.743833563378354,0,0.001,0,42.4264068711929,340,24.9567099242311
